vehicle_id,shipment_id,date,distance_km,fuel_liters
VEH0112,SHP00001,2026-04-28,716.76,139.37
VEH0030,SHP00002,2026-03-21,575.73,105.42
VEH0069,SHP00003,2026-05-14,146.71,19.31
VEH0129,SHP00004,2026-05-14,1096.37,228.13
VEH0082,SHP00005,2026-05-14,1144.19,253.33
VEH0071,SHP00006,2026-01-28,1317.0,194.1
VEH0057,SHP00007,2026-02-13,877.3,189.21
VEH0093,SHP00008,2026-05-21,1458.06,255.02
VEH0072,SHP00009,2026-02-12,596.28,91.86
VEH0075,SHP00010,2026-05-13,715.91,97.34
VEH0114,SHP00011,2026-02-19,354.19,47.88
VEH0047,SHP00012,2026-02-24,1064.7,192.33
VEH0023,SHP00013,2026-04-06,1002.94,152.68
VEH0024,SHP00014,2026-04-30,183.8,25.36
VEH0038,SHP00015,2026-04-08,834.28,181.43
VEH0145,SHP00016,2026-03-21,1243.83,170.7
VEH0006,SHP00017,2026-04-18,650.76,105.05
VEH0118,SHP00018,2026-02-06,1395.38,282.34
VEH0116,SHP00019,2026-05-09,369.09,62.61
VEH0039,SHP00020,2026-02-13,1421.47,346.03
VEH0147,SHP00021,2026-01-15,380.6,56.66
VEH0110,SHP00022,2026-03-22,102.07,14.08
VEH0139,SHP00023,2026-04-25,1244.69,166.14
VEH0072,SHP00024,2026-04-30,130.66,17.3
VEH0067,SHP00025,2026-01-19,1477.42,233.63
VEH0128,SHP00026,2026-03-22,959.32,165.95
VEH0020,SHP00027,2026-05-20,505.12,79.25
VEH0116,SHP00028,2026-02-23,834.14,123.72
VEH0150,SHP00029,2026-01-17,721.01,169.04
VEH0143,SHP00030,2026-05-29,514.59,80.28
VEH0100,SHP00031,2026-02-12,488.62,80.9
VEH0130,SHP00032,2026-03-09,637.23,102.78
VEH0053,SHP00033,2026-05-15,848.22,146.92
VEH0005,SHP00034,2026-05-03,83.14,17.99
VEH0103,SHP00035,2026-01-28,627.96,136.4
VEH0008,SHP00036,2026-03-27,311.59,40.24
VEH0140,SHP00037,2026-01-26,1120.43,181.04
VEH0139,SHP00038,2026-05-14,274.3,43.76
VEH0026,SHP00039,2026-05-11,983.18,133.05
VEH0007,SHP00040,2026-05-06,1162.17,160.04
VEH0010,SHP00041,2026-01-31,60.21,10.74
VEH0057,SHP00042,2026-05-04,118.26,18.64
VEH0037,SHP00043,2026-04-10,1180.04,185.6
VEH0058,SHP00044,2026-03-12,852.25,112.53
VEH0112,SHP00045,2026-03-19,1362.67,225.4
VEH0012,SHP00046,2026-03-04,930.83,160.03
VEH0126,SHP00047,2026-03-25,1085.08,259.78
VEH0133,SHP00048,2026-02-27,717.35,111.1
VEH0091,SHP00049,2026-04-25,1494.99,313.81
VEH0061,SHP00050,2026-01-26,69.24,11.64
VEH0056,SHP00051,2026-01-26,1160.62,157.7
VEH0011,SHP00052,2026-03-23,518.21,96.66
VEH0092,SHP00053,2026-02-02,687.97,90.28
VEH0057,SHP00054,2026-05-13,983.38,161.23
VEH0068,SHP00055,2026-01-12,447.08,61.34
VEH0138,SHP00056,2026-02-23,501.21,63.22
VEH0017,SHP00057,2026-03-20,201.77,46.86
VEH0027,SHP00058,2026-02-09,1337.26,171.36
VEH0083,SHP00059,2026-01-13,1407.5,177.91
VEH0114,SHP00060,2026-01-30,337.76,54.98
VEH0137,SHP00061,2026-01-20,520.23,74.32
VEH0113,SHP00062,2026-04-26,1128.3,178.21
VEH0037,SHP00063,2026-03-01,945.97,153.79
VEH0069,SHP00064,2026-04-02,976.27,187.38
VEH0106,SHP00065,2026-05-02,668.21,129.31
VEH0060,SHP00066,2026-04-19,883.03,170.67
VEH0077,SHP00067,2026-01-06,1102.16,193.05
VEH0035,SHP00068,2026-03-23,146.27,30.02
VEH0130,SHP00069,2026-02-23,745.66,106.02
VEH0128,SHP00070,2026-04-04,1309.48,241.59
VEH0038,SHP00071,2026-04-23,706.86,92.18
VEH0144,SHP00072,2026-02-23,388.61,64.38
VEH0023,SHP00073,2026-03-26,1080.47,237.63
VEH0078,SHP00074,2026-02-11,860.86,111.99
VEH0045,SHP00075,2026-03-18,1494.1,304.48
VEH0096,SHP00076,2026-01-18,181.18,24.42
VEH0066,SHP00077,2026-05-18,847.49,130.24
VEH0100,SHP00078,2026-01-07,408.79,71.32
VEH0077,SHP00079,2026-03-16,1422.76,186.19
VEH0066,SHP00080,2026-04-10,1202.33,162.78
VEH0147,SHP00081,2026-04-02,306.19,68.2
VEH0125,SHP00082,2026-03-10,839.92,127.24
VEH0030,SHP00083,2026-04-19,1124.05,146.11
VEH0004,SHP00084,2026-02-11,142.28,35.47
VEH0025,SHP00085,2026-04-14,1351.46,313.73
VEH0074,SHP00086,2026-01-26,868.59,202.6
VEH0071,SHP00087,2026-05-03,380.49,53.95
VEH0066,SHP00088,2026-05-24,610.58,80.79
VEH0116,SHP00089,2026-03-15,344.92,57.99
VEH0033,SHP00090,2026-05-18,87.45,10.95
VEH0062,SHP00091,2026-02-21,637.35,95.73
VEH0039,SHP00092,2026-04-19,1167.44,283.73
VEH0008,SHP00093,2026-05-28,1444.53,220.96
VEH0048,SHP00094,2026-01-30,1102.71,173.91
VEH0097,SHP00095,2026-04-26,858.85,180.64
VEH0097,SHP00096,2026-04-17,716.54,111.97
VEH0001,SHP00097,2026-02-05,650.1,83.24
VEH0062,SHP00098,2026-03-13,1496.2,214.16
VEH0009,SHP00099,2026-02-04,302.15,38.73
VEH0035,SHP00100,2026-02-26,1200.48,163.26
VEH0011,SHP00101,2026-01-19,439.56,69.18
VEH0113,SHP00102,2026-04-19,1354.48,280.14
VEH0125,SHP00103,2026-04-02,852.9,112.75
VEH0122,SHP00104,2026-04-26,944.94,232.48
VEH0078,SHP00105,2026-03-12,940.69,177.17
VEH0076,SHP00106,2026-01-07,1230.67,274.63
VEH0090,SHP00107,2026-01-17,944.33,194.9
VEH0093,SHP00108,2026-04-22,713.99,96.41
VEH0097,SHP00109,2026-01-14,1328.44,291.3
VEH0126,SHP00110,2026-02-02,209.56,37.86
VEH0150,SHP00111,2026-04-02,600.43,140.75
VEH0086,SHP00112,2026-04-02,1115.84,169.8
VEH0047,SHP00113,2026-05-05,894.84,193.19
VEH0068,SHP00114,2026-01-24,1043.7,189.68
VEH0056,SHP00115,2026-05-21,483.01,115.55
VEH0086,SHP00116,2026-03-29,518.9,65.76
VEH0054,SHP00117,2026-03-11,142.14,20.64
VEH0066,SHP00118,2026-05-21,1180.26,153.25
VEH0137,SHP00119,2026-05-18,629.03,137.86
VEH0121,SHP00120,2026-03-03,381.61,95.33
VEH0093,SHP00121,2026-03-12,1437.22,337.03
VEH0022,SHP00122,2026-04-06,598.06,85.98
VEH0051,SHP00123,2026-02-08,1045.62,202.26
VEH0118,SHP00124,2026-05-15,568.52,127.53
VEH0082,SHP00125,2026-02-24,799.74,125.77
VEH0003,SHP00126,2026-03-16,142.12,18.95
VEH0063,SHP00127,2026-04-23,70.25,13.28
VEH0025,SHP00128,2026-05-12,768.54,133.85
VEH0096,SHP00129,2026-05-09,331.76,48.84
VEH0138,SHP00130,2026-05-03,124.82,28.37
VEH0053,SHP00131,2026-05-30,1449.29,333.7
VEH0017,SHP00132,2026-03-06,172.25,39.43
VEH0106,SHP00133,2026-02-13,381.82,64.44
VEH0004,SHP00134,2026-05-05,965.4,124.07
VEH0117,SHP00135,2026-01-25,1207.73,280.19
VEH0135,SHP00136,2026-03-23,115.74,17.31
VEH0117,SHP00137,2026-01-14,663.7,146.98
VEH0001,SHP00138,2026-02-06,639.49,103.28
VEH0051,SHP00139,2026-03-04,1302.4,178.71
VEH0096,SHP00140,2026-03-09,1390.52,201.94
VEH0004,SHP00141,2026-04-14,309.85,44.44
VEH0014,SHP00142,2026-02-17,98.2,20.72
VEH0086,SHP00143,2026-03-27,1440.46,251.52
VEH0084,SHP00144,2026-02-05,1369.43,336.02
VEH0025,SHP00145,2026-03-16,293.89,42.2
VEH0105,SHP00146,2026-05-03,1192.98,290.32
VEH0066,SHP00147,2026-03-23,103.17,19.61
VEH0005,SHP00148,2026-01-25,1120.88,178.9
VEH0064,SHP00149,2026-02-22,1475.5,263.14
VEH0033,SHP00150,2026-02-04,1280.77,210.75
VEH0009,SHP00151,2026-03-23,1286.68,251.72
VEH0034,SHP00152,2026-02-17,386.56,48.87
VEH0097,SHP00153,2026-02-05,1014.02,242.08
VEH0012,SHP00154,2026-01-20,999.77,228.13
VEH0137,SHP00155,2026-03-20,215.11,44.53
VEH0050,SHP00156,2026-02-28,353.16,56.03
VEH0133,SHP00157,2026-04-07,980.53,179.77
VEH0055,SHP00158,2026-02-10,1435.27,321.31
VEH0086,SHP00159,2026-04-16,402.72,63.02
VEH0056,SHP00160,2026-03-19,1034.95,194.06
VEH0077,SHP00161,2026-04-24,319.22,57.01
VEH0068,SHP00162,2026-05-30,670.89,166.89
VEH0069,SHP00163,2026-02-14,792.4,138.59
VEH0150,SHP00164,2026-04-02,1130.86,163.45
VEH0122,SHP00165,2026-03-04,408.9,58.4
VEH0093,SHP00166,2026-02-15,451.26,71.73
VEH0092,SHP00167,2026-04-14,951.65,129.98
VEH0046,SHP00168,2026-04-09,1260.52,288.55
VEH0086,SHP00169,2026-05-25,1473.66,262.35
VEH0100,SHP00170,2026-02-10,1278.24,252.12
VEH0131,SHP00171,2026-01-16,586.11,117.57
VEH0077,SHP00172,2026-01-27,948.4,167.38
VEH0095,SHP00173,2026-02-26,436.57,61.22
VEH0095,SHP00174,2026-02-10,411.36,55.62
VEH0070,SHP00175,2026-04-11,468.39,81.23
VEH0060,SHP00176,2026-03-28,679.74,128.96
VEH0105,SHP00177,2026-02-02,352.15,55.7
VEH0148,SHP00178,2026-05-22,1154.74,153.5
VEH0040,SHP00179,2026-03-16,1337.93,191.36
VEH0100,SHP00180,2026-05-07,343.69,44.97
VEH0027,SHP00181,2026-03-28,1389.48,301.87
VEH0118,SHP00182,2026-04-18,738.49,159.62
VEH0141,SHP00183,2026-02-27,1428.81,204.71
VEH0074,SHP00184,2026-04-16,519.77,107.17
VEH0110,SHP00185,2026-03-05,845.37,140.88
VEH0026,SHP00186,2026-04-11,1019.7,248.43
VEH0145,SHP00187,2026-05-01,1109.56,241.82
VEH0140,SHP00188,2026-01-20,905.84,183.17
VEH0058,SHP00189,2026-05-09,652.16,120.37
VEH0132,SHP00190,2026-02-20,170.79,30.64
VEH0063,SHP00191,2026-01-06,1057.23,242.84
VEH0034,SHP00192,2026-04-08,770.8,159.49
VEH0002,SHP00193,2026-01-25,135.45,20.02
VEH0124,SHP00194,2026-05-22,447.11,69.27
VEH0036,SHP00195,2026-04-09,1360.56,333.77
VEH0031,SHP00196,2026-02-03,1111.28,176.52
VEH0102,SHP00197,2026-02-20,1469.86,185.68
VEH0114,SHP00198,2026-04-12,908.62,175.02
VEH0037,SHP00199,2026-05-29,316.72,48.21
VEH0100,SHP00200,2026-03-17,1487.67,227.77
VEH0049,SHP00201,2026-01-28,549.49,97.74
VEH0150,SHP00202,2026-05-31,717.01,102.54
VEH0056,SHP00203,2026-04-12,964.38,185.38
VEH0021,SHP00204,2026-01-29,1239.96,245.58
VEH0099,SHP00205,2026-03-16,313.21,55.39
VEH0105,SHP00206,2026-04-26,872.38,200.38
VEH0141,SHP00207,2026-02-27,1484.88,361.96
VEH0029,SHP00208,2026-01-09,366.75,75.11
VEH0044,SHP00209,2026-03-31,202.07,36.35
VEH0030,SHP00210,2026-04-13,1188.64,189.13
VEH0070,SHP00211,2026-05-30,1175.3,235.64
VEH0050,SHP00212,2026-02-27,99.14,14.13
VEH0056,SHP00213,2026-05-02,385.85,48.91
VEH0124,SHP00214,2026-02-22,1380.58,243.19
VEH0026,SHP00215,2026-03-14,1437.65,282.19
VEH0068,SHP00216,2026-01-23,116.11,18.57
VEH0112,SHP00217,2026-05-07,1106.14,141.45
VEH0065,SHP00218,2026-05-20,920.72,221.82
VEH0073,SHP00219,2026-05-29,182.15,32.52
VEH0022,SHP00220,2026-01-07,998.96,157.04
VEH0042,SHP00221,2026-01-10,118.96,22.68
VEH0107,SHP00222,2026-04-17,268.26,42.94
VEH0140,SHP00223,2026-01-09,1392.45,247.91
VEH0011,SHP00224,2026-03-05,1134.59,264.51
VEH0052,SHP00225,2026-03-08,473.37,105.48
VEH0085,SHP00226,2026-03-19,777.82,111.58
VEH0016,SHP00227,2026-02-23,852.6,112.89
VEH0016,SHP00228,2026-05-03,512.91,119.32
VEH0125,SHP00229,2026-01-26,869.94,130.13
VEH0016,SHP00230,2026-01-21,347.84,56.34
VEH0023,SHP00231,2026-05-07,519.69,87.75
VEH0026,SHP00232,2026-05-30,218.21,29.07
VEH0005,SHP00233,2026-02-04,1038.68,134.81
VEH0002,SHP00234,2026-02-11,490.01,83.68
VEH0023,SHP00235,2026-03-16,1457.44,239.59
VEH0137,SHP00236,2026-04-28,183.42,40.49
VEH0035,SHP00237,2026-05-05,1284.07,247.11
VEH0055,SHP00238,2026-04-22,1404.14,326.52
VEH0126,SHP00239,2026-04-08,740.83,122.65
VEH0019,SHP00240,2026-03-03,477.12,83.49
VEH0010,SHP00241,2026-05-08,853.46,108.64
VEH0098,SHP00242,2026-02-01,487.41,61.83
VEH0044,SHP00243,2026-03-05,1184.56,148.16
VEH0073,SHP00244,2026-01-13,980.05,218.96
VEH0086,SHP00245,2026-02-25,160.4,32.4
VEH0111,SHP00246,2026-02-17,530.67,94.03
VEH0065,SHP00247,2026-03-30,613.38,109.02
VEH0045,SHP00248,2026-05-08,538.85,67.41
VEH0001,SHP00249,2026-02-05,1122.41,148.2
VEH0017,SHP00250,2026-04-30,967.85,188.59
VEH0071,SHP00251,2026-05-14,896.44,140.31
VEH0110,SHP00252,2026-04-10,812.28,106.33
VEH0057,SHP00253,2026-01-15,926.54,153.74
VEH0088,SHP00254,2026-04-21,94.41,21.34
VEH0103,SHP00255,2026-02-23,704.56,90.84
VEH0076,SHP00256,2026-02-07,580.15,81.56
VEH0023,SHP00257,2026-04-27,1285.02,271.28
VEH0093,SHP00258,2026-04-14,276.29,49.19
VEH0003,SHP00259,2026-05-02,582.09,115.59
VEH0076,SHP00260,2026-03-12,82.71,19.83
VEH0097,SHP00261,2026-05-11,211.29,43.21
VEH0047,SHP00262,2026-03-08,990.01,126.21
VEH0114,SHP00263,2026-01-27,108.76,15.99
VEH0106,SHP00264,2026-04-15,1321.58,329.27
VEH0070,SHP00265,2026-01-26,835.17,197.16
VEH0002,SHP00266,2026-05-01,754.5,122.78
VEH0029,SHP00267,2026-02-01,641.08,134.44
VEH0042,SHP00268,2026-02-05,559.2,77.98
VEH0047,SHP00269,2026-02-14,382.58,61.62
VEH0138,SHP00270,2026-03-13,856.3,166.74
VEH0135,SHP00271,2026-02-19,733.01,98.19
VEH0077,SHP00272,2026-01-09,568.98,88.57
VEH0142,SHP00273,2026-03-10,51.87,11.87
VEH0059,SHP00274,2026-04-06,705.94,97.91
VEH0030,SHP00275,2026-03-05,1340.36,304.14
VEH0081,SHP00276,2026-02-19,553.19,134.31
VEH0114,SHP00277,2026-02-07,512.09,71.93
VEH0034,SHP00278,2026-01-02,288.86,43.95
VEH0031,SHP00279,2026-04-03,1197.74,208.42
VEH0011,SHP00280,2026-04-29,1436.93,230.79
VEH0139,SHP00281,2026-01-05,810.08,196.77
VEH0077,SHP00282,2026-01-27,1284.66,313.72
VEH0085,SHP00283,2026-03-04,951.99,124.6
VEH0033,SHP00284,2026-05-11,486.86,75.45
VEH0068,SHP00285,2026-03-15,1153.38,263.18
VEH0117,SHP00286,2026-03-15,730.82,129.58
VEH0141,SHP00287,2026-01-10,1112.51,170.76
VEH0143,SHP00288,2026-02-27,304.16,46.32
VEH0089,SHP00289,2026-05-08,82.73,16.92
VEH0007,SHP00290,2026-02-28,1472.94,236.16
VEH0030,SHP00291,2026-02-07,723.76,114.14
VEH0114,SHP00292,2026-03-06,191.15,26.2
VEH0104,SHP00293,2026-05-28,1400.19,183.86
VEH0142,SHP00294,2026-03-24,69.92,9.63
VEH0096,SHP00295,2026-05-27,1438.84,187.84
VEH0140,SHP00296,2026-03-13,493.79,69.82
VEH0001,SHP00297,2026-04-18,320.53,42.29
VEH0013,SHP00298,2026-03-18,923.98,161.54
VEH0140,SHP00299,2026-04-20,570.96,123.77
VEH0013,SHP00300,2026-04-10,71.42,16.74
VEH0060,SHP00301,2026-04-26,530.76,90.9
VEH0012,SHP00302,2026-01-22,1146.41,209.01
VEH0107,SHP00303,2026-01-24,628.66,137.39
VEH0144,SHP00304,2026-01-18,1393.34,245.61
VEH0015,SHP00305,2026-02-05,483.32,63.63
VEH0132,SHP00306,2026-03-13,568.69,86.95
VEH0042,SHP00307,2026-04-12,331.95,48.17
VEH0128,SHP00308,2026-02-16,478.85,91.99
VEH0003,SHP00309,2026-05-17,518.51,69.08
VEH0037,SHP00310,2026-03-06,458.88,96.88
VEH0002,SHP00311,2026-01-09,302.46,58.1
VEH0033,SHP00312,2026-03-20,447.16,76.86
VEH0064,SHP00313,2026-04-12,210.39,39.52
VEH0087,SHP00314,2026-03-22,920.51,173.34
VEH0150,SHP00315,2026-01-08,714.88,96.82
VEH0145,SHP00316,2026-04-07,607.05,82.75
VEH0095,SHP00317,2026-04-26,71.67,14.02
VEH0055,SHP00318,2026-02-26,139.08,17.41
VEH0087,SHP00319,2026-03-16,1002.88,154.71
VEH0022,SHP00320,2026-03-24,570.31,73.84
VEH0036,SHP00321,2026-05-15,978.05,127.24
VEH0006,SHP00322,2026-02-05,610.97,146.01
VEH0024,SHP00323,2026-04-24,927.4,166.52
VEH0041,SHP00324,2026-02-05,279.0,46.96
VEH0023,SHP00325,2026-04-15,1252.37,305.03
VEH0046,SHP00326,2026-01-31,722.82,93.75
VEH0046,SHP00327,2026-04-14,570.81,115.01
VEH0002,SHP00328,2026-04-12,604.55,124.92
VEH0091,SHP00329,2026-01-09,370.87,82.33
VEH0060,SHP00330,2026-05-31,1458.21,325.17
VEH0137,SHP00331,2026-04-02,277.49,66.38
VEH0108,SHP00332,2026-01-25,61.01,13.25
VEH0148,SHP00333,2026-03-03,1023.57,244.0
VEH0058,SHP00334,2026-05-06,982.33,202.68
VEH0016,SHP00335,2026-01-01,926.08,213.43
VEH0149,SHP00336,2026-03-29,134.3,32.86
VEH0048,SHP00337,2026-03-29,673.92,122.37
VEH0072,SHP00338,2026-05-07,596.03,86.74
VEH0091,SHP00339,2026-03-21,142.79,20.52
VEH0037,SHP00340,2026-02-28,53.56,9.24
VEH0089,SHP00341,2026-02-25,50.68,7.06
VEH0099,SHP00342,2026-04-30,248.24,50.28
VEH0020,SHP00343,2026-03-14,724.94,101.71
VEH0074,SHP00344,2026-03-04,530.67,102.87
VEH0031,SHP00345,2026-03-17,693.71,97.3
VEH0027,SHP00346,2026-01-21,1420.22,262.47
VEH0110,SHP00347,2026-04-18,1021.62,129.38
VEH0089,SHP00348,2026-02-15,1081.67,201.81
VEH0108,SHP00349,2026-01-18,1005.31,152.5
VEH0041,SHP00350,2026-05-22,231.28,32.41
VEH0083,SHP00351,2026-05-03,175.48,25.8
VEH0019,SHP00352,2026-01-16,843.79,149.95
VEH0030,SHP00353,2026-04-11,276.03,55.39
VEH0114,SHP00354,2026-01-07,743.77,120.19
VEH0110,SHP00355,2026-02-22,610.25,83.55
VEH0051,SHP00356,2026-05-05,536.18,118.05
VEH0040,SHP00357,2026-01-19,228.5,42.14
VEH0133,SHP00358,2026-03-14,1310.06,237.58
VEH0057,SHP00359,2026-05-08,988.33,180.66
VEH0039,SHP00360,2026-03-21,171.49,33.34
VEH0063,SHP00361,2026-04-27,329.22,79.14
VEH0063,SHP00362,2026-05-26,1253.76,176.79
VEH0039,SHP00363,2026-03-04,1140.9,182.3
VEH0037,SHP00364,2026-03-08,1069.41,249.13
VEH0129,SHP00365,2026-04-08,684.16,106.94
VEH0123,SHP00366,2026-05-18,600.98,124.3
VEH0142,SHP00367,2026-02-21,1084.73,245.8
VEH0088,SHP00368,2026-05-26,1212.1,202.43
VEH0054,SHP00369,2026-05-15,153.79,19.36
VEH0071,SHP00370,2026-01-08,252.22,57.62
VEH0042,SHP00371,2026-04-20,1231.06,170.62
VEH0114,SHP00372,2026-02-26,619.73,130.86
VEH0037,SHP00373,2026-05-05,1313.68,239.93
VEH0089,SHP00374,2026-02-26,315.46,61.63
VEH0126,SHP00375,2026-04-04,1445.24,189.21
VEH0099,SHP00376,2026-05-01,1025.33,195.08
VEH0113,SHP00377,2026-05-11,1467.27,291.08
VEH0043,SHP00378,2026-03-13,475.58,83.38
VEH0095,SHP00379,2026-01-31,1230.51,194.98
VEH0036,SHP00380,2026-03-22,81.44,14.47
VEH0034,SHP00381,2026-05-26,58.43,10.34
VEH0086,SHP00382,2026-01-29,657.27,118.81
VEH0108,SHP00383,2026-02-02,257.34,38.47
VEH0127,SHP00384,2026-02-15,1138.51,151.74
VEH0082,SHP00385,2026-01-06,916.05,185.98
VEH0056,SHP00386,2026-03-07,940.14,148.35
VEH0036,SHP00387,2026-01-19,1042.98,205.43
VEH0112,SHP00388,2026-04-06,239.94,54.03
VEH0051,SHP00389,2026-03-16,1356.5,285.93
VEH0002,SHP00390,2026-03-15,1344.82,230.05
VEH0146,SHP00391,2026-04-29,1370.53,173.71
VEH0030,SHP00392,2026-05-14,1294.06,284.55
VEH0118,SHP00393,2026-01-07,472.39,71.34
VEH0136,SHP00394,2026-02-04,345.24,52.32
VEH0037,SHP00395,2026-03-04,185.73,31.96
VEH0040,SHP00396,2026-01-15,329.95,50.14
VEH0070,SHP00397,2026-03-23,1393.37,205.06
VEH0125,SHP00398,2026-04-13,142.85,18.58
VEH0102,SHP00399,2026-02-20,1160.61,200.76
VEH0036,SHP00400,2026-05-14,640.14,131.21
VEH0018,SHP00401,2026-02-05,668.19,166.32
VEH0007,SHP00402,2026-01-13,1330.76,182.25
VEH0133,SHP00403,2026-03-16,1342.44,195.12
VEH0100,SHP00404,2026-03-06,779.9,153.71
VEH0053,SHP00405,2026-02-22,1171.19,156.6
VEH0116,SHP00406,2026-05-28,1489.63,307.14
VEH0131,SHP00407,2026-02-12,602.49,77.36
VEH0104,SHP00408,2026-05-08,1410.83,208.54
VEH0053,SHP00409,2026-04-08,1099.48,167.79
VEH0065,SHP00410,2026-03-15,62.65,11.73
VEH0035,SHP00411,2026-01-07,1341.45,178.7
VEH0108,SHP00412,2026-03-13,865.32,157.85
VEH0030,SHP00413,2026-02-18,873.98,119.14
VEH0024,SHP00414,2026-05-25,261.08,40.25
VEH0001,SHP00415,2026-01-20,1399.27,254.56
VEH0101,SHP00416,2026-01-29,207.01,38.86
VEH0136,SHP00417,2026-01-16,739.03,103.38
VEH0135,SHP00418,2026-05-11,834.3,198.87
VEH0010,SHP00419,2026-03-15,886.76,126.15
VEH0073,SHP00420,2026-01-16,420.16,98.34
VEH0104,SHP00421,2026-04-09,444.31,104.41
VEH0055,SHP00422,2026-03-26,1345.76,251.09
VEH0027,SHP00423,2026-03-12,326.85,50.0
VEH0080,SHP00424,2026-04-28,796.82,163.65
VEH0051,SHP00425,2026-01-11,513.59,85.28
VEH0104,SHP00426,2026-05-13,955.47,236.03
VEH0115,SHP00427,2026-01-29,1400.53,253.46
VEH0141,SHP00428,2026-03-09,756.23,104.13
VEH0010,SHP00429,2026-02-09,102.33,13.04
VEH0027,SHP00430,2026-04-14,1338.44,186.9
VEH0144,SHP00431,2026-02-22,1351.31,221.22
VEH0024,SHP00432,2026-01-28,751.41,170.34
VEH0109,SHP00433,2026-05-13,580.43,75.27
VEH0146,SHP00434,2026-05-27,1467.76,329.74
VEH0113,SHP00435,2026-04-02,731.53,99.85
VEH0052,SHP00436,2026-02-20,889.76,129.87
VEH0011,SHP00437,2026-03-24,281.76,66.1
VEH0138,SHP00438,2026-02-23,1304.01,244.59
VEH0139,SHP00439,2026-01-18,593.64,118.2
VEH0113,SHP00440,2026-02-08,902.69,158.7
VEH0062,SHP00441,2026-03-05,840.88,168.59
VEH0131,SHP00442,2026-02-11,888.83,139.47
VEH0037,SHP00443,2026-01-25,459.32,82.74
VEH0124,SHP00444,2026-03-27,728.78,102.54
VEH0085,SHP00445,2026-05-19,861.36,201.91
VEH0110,SHP00446,2026-05-21,1230.86,159.52
VEH0002,SHP00447,2026-02-21,753.07,100.73
VEH0088,SHP00448,2026-02-22,59.37,8.3
VEH0046,SHP00449,2026-05-03,278.51,38.14
VEH0144,SHP00450,2026-02-26,1143.23,199.87
VEH0095,SHP00451,2026-01-16,419.82,98.12
VEH0133,SHP00452,2026-04-05,288.68,64.11
VEH0062,SHP00453,2026-01-02,1417.91,248.5
VEH0049,SHP00454,2026-01-02,1215.5,207.12
VEH0121,SHP00455,2026-02-02,826.0,132.01
VEH0117,SHP00456,2026-02-27,1334.7,181.11
VEH0043,SHP00457,2026-05-04,855.58,124.72
VEH0030,SHP00458,2026-01-31,1200.37,204.26
VEH0036,SHP00459,2026-03-23,1324.29,220.53
VEH0130,SHP00460,2026-04-10,235.99,34.05
VEH0016,SHP00461,2026-01-03,337.71,47.42
VEH0019,SHP00462,2026-01-13,691.75,159.69
VEH0072,SHP00463,2026-02-06,1249.56,182.01
VEH0126,SHP00464,2026-02-25,330.52,49.33
VEH0090,SHP00465,2026-05-04,1338.25,170.32
VEH0115,SHP00466,2026-05-01,1280.71,189.26
VEH0110,SHP00467,2026-01-31,186.21,28.75
VEH0122,SHP00468,2026-01-28,1032.89,163.17
VEH0112,SHP00469,2026-03-31,595.49,87.07
VEH0117,SHP00470,2026-04-15,1169.23,208.4
VEH0097,SHP00471,2026-05-15,479.19,74.54
VEH0069,SHP00472,2026-01-05,1289.31,269.78
VEH0039,SHP00473,2026-02-11,75.32,10.99
VEH0036,SHP00474,2026-04-08,1407.45,191.27
VEH0118,SHP00475,2026-02-21,1039.12,190.38
VEH0023,SHP00476,2026-05-29,1437.92,304.05
VEH0004,SHP00477,2026-04-28,160.11,31.81
VEH0123,SHP00478,2026-03-04,80.81,11.93
VEH0086,SHP00479,2026-05-07,660.93,93.76
VEH0022,SHP00480,2026-03-26,1193.46,188.04
VEH0012,SHP00481,2026-01-18,103.86,15.25
VEH0039,SHP00482,2026-04-18,625.6,85.52
VEH0035,SHP00483,2026-04-13,62.92,10.46
VEH0054,SHP00484,2026-03-08,555.54,88.36
VEH0117,SHP00485,2026-05-23,1274.81,166.88
VEH0082,SHP00486,2026-03-15,1381.85,287.09
VEH0092,SHP00487,2026-05-06,786.02,114.67
VEH0028,SHP00488,2026-03-14,1346.92,210.44
VEH0024,SHP00489,2026-03-06,877.16,148.97
VEH0130,SHP00490,2026-04-16,607.39,77.07
VEH0073,SHP00491,2026-03-03,1478.18,266.37
VEH0054,SHP00492,2026-01-24,1227.85,300.08
VEH0036,SHP00493,2026-04-15,1416.5,181.63
VEH0133,SHP00494,2026-02-06,663.76,144.77
VEH0068,SHP00495,2026-02-12,500.05,81.24
VEH0033,SHP00496,2026-03-16,1483.33,247.54
VEH0037,SHP00497,2026-01-06,53.79,7.43
VEH0023,SHP00498,2026-03-19,841.85,126.47
VEH0005,SHP00499,2026-03-23,1016.48,184.55
VEH0087,SHP00500,2026-03-13,174.72,42.65
VEH0030,SHP00501,2026-04-13,352.28,77.04
VEH0015,SHP00502,2026-02-20,1433.82,297.99
VEH0108,SHP00503,2026-02-25,1483.11,280.83
VEH0052,SHP00504,2026-01-04,603.01,88.02
VEH0010,SHP00505,2026-05-31,179.64,42.44
VEH0061,SHP00506,2026-01-17,126.0,17.3
VEH0001,SHP00507,2026-03-21,851.91,140.02
VEH0012,SHP00508,2026-02-14,1287.73,210.18
VEH0060,SHP00509,2026-03-27,813.75,102.62
VEH0086,SHP00510,2026-05-20,1063.58,207.95
VEH0047,SHP00511,2026-01-13,1327.13,207.35
VEH0068,SHP00512,2026-02-26,951.37,193.35
VEH0023,SHP00513,2026-03-04,968.37,170.83
VEH0137,SHP00514,2026-01-07,1166.96,209.3
VEH0036,SHP00515,2026-02-05,792.18,109.37
VEH0018,SHP00516,2026-03-31,1027.85,179.81
VEH0147,SHP00517,2026-03-19,1286.92,172.49
VEH0066,SHP00518,2026-04-28,1180.72,155.84
VEH0057,SHP00519,2026-01-19,1277.87,170.67
VEH0023,SHP00520,2026-01-10,1490.59,200.01
VEH0055,SHP00521,2026-03-04,1470.24,218.67
VEH0128,SHP00522,2026-02-21,62.13,9.63
VEH0075,SHP00523,2026-02-05,926.76,143.13
VEH0032,SHP00524,2026-03-20,187.26,29.55
VEH0060,SHP00525,2026-05-02,252.9,44.46
VEH0092,SHP00526,2026-01-08,1498.11,216.06
VEH0125,SHP00527,2026-04-20,1148.33,260.07
VEH0131,SHP00528,2026-05-07,744.46,99.7
VEH0033,SHP00529,2026-05-16,744.14,99.5
VEH0105,SHP00530,2026-03-02,836.9,106.85
VEH0092,SHP00531,2026-01-07,677.04,110.92
VEH0042,SHP00532,2026-04-28,177.28,26.78
VEH0041,SHP00533,2026-02-17,1390.26,296.58
VEH0132,SHP00534,2026-05-12,666.42,116.1
VEH0050,SHP00535,2026-04-25,66.23,9.74
VEH0102,SHP00536,2026-03-25,983.19,226.41
VEH0138,SHP00537,2026-01-01,295.06,47.58
VEH0062,SHP00538,2026-03-23,722.51,114.26
VEH0083,SHP00539,2026-03-29,870.12,196.65
VEH0039,SHP00540,2026-04-22,952.61,160.88
VEH0127,SHP00541,2026-04-08,517.94,80.76
VEH0049,SHP00542,2026-05-23,479.76,77.43
VEH0007,SHP00543,2026-03-23,585.57,84.03
VEH0075,SHP00544,2026-02-01,92.52,21.57
VEH0100,SHP00545,2026-03-26,1171.15,263.92
VEH0147,SHP00546,2026-01-18,750.13,118.49
VEH0091,SHP00547,2026-04-12,1432.43,314.38
VEH0137,SHP00548,2026-04-23,558.83,127.84
VEH0079,SHP00549,2026-05-15,166.4,37.34
VEH0093,SHP00550,2026-01-12,671.37,158.93
VEH0068,SHP00551,2026-03-11,56.33,8.78
VEH0134,SHP00552,2026-04-25,911.83,139.12
VEH0090,SHP00553,2026-04-29,863.71,114.31
VEH0005,SHP00554,2026-02-06,1489.01,228.87
VEH0027,SHP00555,2026-02-08,904.99,222.24
VEH0130,SHP00556,2026-04-11,542.85,133.95
VEH0071,SHP00557,2026-02-13,1261.64,304.41
VEH0103,SHP00558,2026-03-30,878.85,111.58
VEH0059,SHP00559,2026-02-18,266.39,56.38
VEH0031,SHP00560,2026-05-24,641.71,132.49
VEH0011,SHP00561,2026-01-04,72.73,15.57
VEH0051,SHP00562,2026-01-06,1184.57,197.63
VEH0045,SHP00563,2026-04-09,1413.61,194.99
VEH0067,SHP00564,2026-05-27,994.25,174.62
VEH0074,SHP00565,2026-01-07,704.29,142.08
VEH0024,SHP00566,2026-03-12,1061.06,199.95
VEH0095,SHP00567,2026-04-15,492.36,63.25
VEH0066,SHP00568,2026-01-13,1033.52,135.4
VEH0127,SHP00569,2026-02-23,1094.52,177.37
VEH0096,SHP00570,2026-02-26,574.74,110.19
VEH0072,SHP00571,2026-04-08,418.86,60.72
VEH0138,SHP00572,2026-04-18,1000.21,131.86
VEH0051,SHP00573,2026-03-10,563.21,75.13
VEH0144,SHP00574,2026-02-28,784.68,109.8
VEH0141,SHP00575,2026-04-20,1008.96,130.91
VEH0127,SHP00576,2026-02-25,963.47,129.87
VEH0077,SHP00577,2026-05-13,679.56,122.08
VEH0118,SHP00578,2026-05-02,504.13,109.19
VEH0131,SHP00579,2026-03-16,579.13,98.42
VEH0105,SHP00580,2026-05-24,403.37,56.87
VEH0065,SHP00581,2026-03-18,366.74,50.13
VEH0111,SHP00582,2026-03-28,403.59,51.08
VEH0007,SHP00583,2026-03-20,1306.45,316.59
VEH0009,SHP00584,2026-02-14,512.73,120.98
VEH0043,SHP00585,2026-01-03,821.42,146.59
VEH0045,SHP00586,2026-02-20,124.15,25.93
VEH0115,SHP00587,2026-02-28,872.36,128.52
VEH0037,SHP00588,2026-03-22,1376.28,230.92
VEH0089,SHP00589,2026-01-02,440.98,61.64
VEH0017,SHP00590,2026-04-18,400.45,52.0
VEH0090,SHP00591,2026-01-29,249.68,40.04
VEH0002,SHP00592,2026-03-18,563.8,84.07
VEH0048,SHP00593,2026-05-24,1489.06,363.84
VEH0059,SHP00594,2026-01-17,186.61,38.56
VEH0068,SHP00595,2026-03-01,251.94,43.02
VEH0085,SHP00596,2026-02-18,1245.33,177.84
VEH0026,SHP00597,2026-01-29,164.07,23.83
VEH0148,SHP00598,2026-01-08,256.24,38.66
VEH0103,SHP00599,2026-04-02,448.42,59.98
VEH0068,SHP00600,2026-02-08,317.74,54.38
VEH0098,SHP00601,2026-02-16,849.47,115.39
VEH0014,SHP00602,2026-05-15,1218.88,226.74
VEH0050,SHP00603,2026-05-22,577.04,117.91
VEH0075,SHP00604,2026-03-29,1086.62,201.21
VEH0111,SHP00605,2026-01-11,1434.11,284.65
VEH0021,SHP00606,2026-05-30,1207.37,165.5
VEH0123,SHP00607,2026-03-19,386.62,88.37
VEH0057,SHP00608,2026-04-27,548.83,101.08
VEH0107,SHP00609,2026-02-04,1062.88,138.12
VEH0028,SHP00610,2026-04-17,737.16,119.37
VEH0065,SHP00611,2026-04-09,710.66,142.42
VEH0023,SHP00612,2026-03-23,188.43,25.55
VEH0109,SHP00613,2026-02-12,1254.16,228.1
VEH0026,SHP00614,2026-02-14,1153.52,229.36
VEH0066,SHP00615,2026-05-15,1142.22,277.58
VEH0114,SHP00616,2026-04-11,221.87,28.07
VEH0016,SHP00617,2026-04-19,281.69,44.31
VEH0111,SHP00618,2026-03-03,877.98,202.52
VEH0087,SHP00619,2026-01-19,79.26,10.75
VEH0016,SHP00620,2026-03-21,681.95,114.11
VEH0139,SHP00621,2026-02-06,536.6,78.35
VEH0108,SHP00622,2026-04-23,1380.64,306.8
VEH0045,SHP00623,2026-02-25,379.97,52.66
VEH0136,SHP00624,2026-05-23,456.58,92.86
VEH0129,SHP00625,2026-03-30,819.36,197.25
VEH0075,SHP00626,2026-02-08,1282.8,294.1
VEH0063,SHP00627,2026-04-13,132.92,24.27
VEH0038,SHP00628,2026-05-22,481.78,115.13
VEH0028,SHP00629,2026-03-05,304.77,44.24
VEH0095,SHP00630,2026-04-24,420.26,71.41
VEH0017,SHP00631,2026-01-29,598.97,126.39
VEH0007,SHP00632,2026-03-15,1091.59,211.09
VEH0022,SHP00633,2026-05-14,961.63,201.33
VEH0077,SHP00634,2026-03-05,1283.72,266.75
VEH0058,SHP00635,2026-01-22,682.02,105.57
VEH0041,SHP00636,2026-05-30,1335.57,198.08
VEH0028,SHP00637,2026-03-24,751.52,167.94
VEH0150,SHP00638,2026-01-30,72.91,15.89
VEH0033,SHP00639,2026-04-10,1425.65,184.09
VEH0017,SHP00640,2026-04-26,1359.71,173.44
VEH0029,SHP00641,2026-04-20,359.76,77.42
VEH0014,SHP00642,2026-05-09,254.82,39.46
VEH0040,SHP00643,2026-02-10,759.3,104.29
VEH0102,SHP00644,2026-05-26,192.03,30.97
VEH0114,SHP00645,2026-02-25,1354.84,189.56
VEH0124,SHP00646,2026-01-30,1035.13,180.32
VEH0145,SHP00647,2026-05-12,1170.67,215.36
VEH0114,SHP00648,2026-03-16,1039.54,174.73
VEH0021,SHP00649,2026-04-06,552.07,86.54
VEH0071,SHP00650,2026-03-23,1301.91,308.08
VEH0046,SHP00651,2026-01-02,124.12,17.15
VEH0134,SHP00652,2026-03-04,239.85,36.42
VEH0009,SHP00653,2026-02-24,862.67,138.7
VEH0089,SHP00654,2026-01-15,1129.93,215.69
VEH0103,SHP00655,2026-04-26,296.65,56.35
VEH0013,SHP00656,2026-03-11,1153.79,275.44
VEH0053,SHP00657,2026-03-11,62.34,8.75
VEH0090,SHP00658,2026-03-18,641.73,94.94
VEH0038,SHP00659,2026-03-03,956.88,155.69
VEH0025,SHP00660,2026-01-12,1193.77,193.58
VEH0141,SHP00661,2026-02-03,159.5,32.06
VEH0081,SHP00662,2026-01-26,697.29,162.66
VEH0016,SHP00663,2026-01-26,403.34,78.73
VEH0001,SHP00664,2026-01-26,840.96,181.29
VEH0044,SHP00665,2026-04-03,390.78,58.94
VEH0141,SHP00666,2026-02-20,1204.34,256.5
VEH0100,SHP00667,2026-05-14,1043.45,242.26
VEH0106,SHP00668,2026-02-26,226.26,31.78
VEH0138,SHP00669,2026-05-25,652.24,161.6
VEH0123,SHP00670,2026-03-04,1031.27,153.44
VEH0120,SHP00671,2026-05-11,1120.51,175.05
VEH0125,SHP00672,2026-04-20,909.14,174.0
VEH0006,SHP00673,2026-04-01,749.11,179.01
VEH0026,SHP00674,2026-01-13,237.63,47.26
VEH0117,SHP00675,2026-01-30,1451.46,189.65
VEH0094,SHP00676,2026-01-08,678.87,133.74
VEH0083,SHP00677,2026-01-27,1201.96,179.8
VEH0136,SHP00678,2026-04-06,311.44,53.37
VEH0150,SHP00679,2026-01-21,167.34,37.68
VEH0078,SHP00680,2026-04-03,952.21,132.36
VEH0121,SHP00681,2026-02-06,426.34,78.18
VEH0100,SHP00682,2026-01-30,944.41,175.66
VEH0128,SHP00683,2026-01-21,920.06,158.25
VEH0030,SHP00684,2026-05-09,392.67,67.88
VEH0109,SHP00685,2026-03-03,775.69,110.81
VEH0035,SHP00686,2026-04-13,897.75,160.22
VEH0113,SHP00687,2026-05-20,1159.12,209.73
VEH0094,SHP00688,2026-05-07,367.2,89.54
VEH0140,SHP00689,2026-05-15,350.84,79.85
VEH0012,SHP00690,2026-02-12,742.85,144.36
VEH0074,SHP00691,2026-04-08,1107.69,227.47
VEH0101,SHP00692,2026-04-08,1444.05,277.29
VEH0056,SHP00693,2026-01-01,305.07,53.55
VEH0019,SHP00694,2026-04-28,480.44,71.5
VEH0077,SHP00695,2026-02-14,653.34,148.92
VEH0048,SHP00696,2026-03-17,958.0,217.28
VEH0102,SHP00697,2026-05-17,791.47,177.83
VEH0107,SHP00698,2026-03-09,1118.83,231.7
VEH0100,SHP00699,2026-03-22,744.84,101.11
VEH0100,SHP00700,2026-05-11,596.81,75.47
VEH0056,SHP00701,2026-04-07,1358.47,176.24
VEH0060,SHP00702,2026-01-01,849.25,119.32
VEH0125,SHP00703,2026-02-28,91.04,14.77
VEH0021,SHP00704,2026-03-30,632.27,128.82
VEH0038,SHP00705,2026-01-30,886.15,187.56
VEH0015,SHP00706,2026-04-09,1008.91,216.01
VEH0017,SHP00707,2026-01-12,528.25,107.98
VEH0038,SHP00708,2026-05-29,1366.37,325.36
VEH0044,SHP00709,2026-02-02,186.57,30.22
VEH0032,SHP00710,2026-05-13,794.67,155.12
VEH0030,SHP00711,2026-04-25,329.24,75.69
VEH0103,SHP00712,2026-01-14,1059.96,149.49
VEH0115,SHP00713,2026-05-15,1279.57,216.08
VEH0134,SHP00714,2026-03-06,938.59,131.08
VEH0073,SHP00715,2026-05-29,1257.31,212.81
VEH0015,SHP00716,2026-03-22,940.74,144.79
VEH0028,SHP00717,2026-05-06,283.78,37.97
VEH0105,SHP00718,2026-03-27,230.15,44.98
VEH0025,SHP00719,2026-05-22,1482.37,273.31
VEH0003,SHP00720,2026-04-21,948.73,142.63
VEH0081,SHP00721,2026-04-15,161.61,33.36
VEH0105,SHP00722,2026-02-21,1299.28,296.72
VEH0119,SHP00723,2026-04-04,1252.18,267.98
VEH0046,SHP00724,2026-04-17,1257.56,217.03
VEH0106,SHP00725,2026-02-25,199.87,31.29
VEH0019,SHP00726,2026-01-23,757.61,121.37
VEH0135,SHP00727,2026-05-29,882.24,116.6
VEH0136,SHP00728,2026-02-12,1336.24,317.08
VEH0054,SHP00729,2026-01-04,1061.66,238.29
VEH0127,SHP00730,2026-03-31,774.41,135.76
VEH0044,SHP00731,2026-01-30,323.36,48.03
VEH0050,SHP00732,2026-04-18,614.08,85.17
VEH0062,SHP00733,2026-01-20,1385.34,192.16
VEH0085,SHP00734,2026-03-10,731.8,98.31
VEH0012,SHP00735,2026-03-21,888.67,126.64
VEH0063,SHP00736,2026-05-02,1049.41,142.99
VEH0076,SHP00737,2026-04-06,1025.21,160.05
VEH0058,SHP00738,2026-03-29,798.04,149.68
VEH0061,SHP00739,2026-05-31,1057.52,138.87
VEH0040,SHP00740,2026-05-04,844.83,115.36
VEH0056,SHP00741,2026-02-09,1283.39,160.49
VEH0088,SHP00742,2026-01-28,260.97,49.35
VEH0048,SHP00743,2026-03-24,685.02,134.6
VEH0066,SHP00744,2026-05-07,858.59,114.29
VEH0028,SHP00745,2026-02-16,1308.09,172.3
VEH0010,SHP00746,2026-02-01,1074.67,191.11
VEH0147,SHP00747,2026-03-08,1059.51,189.85
VEH0054,SHP00748,2026-05-23,569.11,129.62
VEH0081,SHP00749,2026-04-10,414.95,84.08
VEH0063,SHP00750,2026-01-03,365.56,86.81
VEH0103,SHP00751,2026-05-14,1347.4,187.04
VEH0012,SHP00752,2026-05-31,1009.14,188.6
VEH0093,SHP00753,2026-05-29,671.54,101.04
VEH0072,SHP00754,2026-01-09,830.65,182.86
VEH0046,SHP00755,2026-01-28,865.48,123.69
VEH0049,SHP00756,2026-03-26,718.31,109.76
VEH0024,SHP00757,2026-04-18,993.73,141.12
VEH0053,SHP00758,2026-02-25,630.67,148.13
VEH0110,SHP00759,2026-04-26,1446.34,245.9
VEH0031,SHP00760,2026-05-03,91.74,13.55
VEH0003,SHP00761,2026-02-16,1002.45,146.85
VEH0044,SHP00762,2026-03-11,493.16,74.7
VEH0059,SHP00763,2026-01-16,186.38,28.82
VEH0048,SHP00764,2026-03-02,647.1,84.59
VEH0004,SHP00765,2026-01-25,679.13,129.75
VEH0080,SHP00766,2026-03-16,1342.76,305.21
VEH0142,SHP00767,2026-03-11,439.26,84.7
VEH0008,SHP00768,2026-02-10,275.19,34.65
VEH0095,SHP00769,2026-01-02,1055.03,211.91
VEH0106,SHP00770,2026-03-31,1061.67,202.97
VEH0031,SHP00771,2026-05-12,1067.25,137.68
VEH0087,SHP00772,2026-04-17,667.41,156.65
VEH0148,SHP00773,2026-03-14,1485.06,368.29
VEH0050,SHP00774,2026-05-19,199.42,33.35
VEH0050,SHP00775,2026-04-30,949.06,222.79
VEH0035,SHP00776,2026-03-18,106.45,20.3
VEH0015,SHP00777,2026-05-11,1266.22,159.06
VEH0020,SHP00778,2026-01-19,1368.48,290.16
VEH0099,SHP00779,2026-03-23,89.38,18.63
VEH0148,SHP00780,2026-02-14,943.93,199.78
VEH0062,SHP00781,2026-05-03,101.09,12.92
VEH0150,SHP00782,2026-04-19,604.24,109.34
VEH0146,SHP00783,2026-03-30,919.93,129.54
VEH0024,SHP00784,2026-05-26,388.91,63.25
VEH0139,SHP00785,2026-02-19,412.57,56.22
VEH0060,SHP00786,2026-03-20,932.8,229.47
VEH0039,SHP00787,2026-03-17,233.88,35.36
VEH0046,SHP00788,2026-05-12,53.19,9.33
VEH0049,SHP00789,2026-02-21,1129.79,222.37
VEH0138,SHP00790,2026-02-28,1218.63,181.93
VEH0121,SHP00791,2026-04-05,1430.79,284.48
VEH0135,SHP00792,2026-04-08,198.67,25.38
VEH0010,SHP00793,2026-05-10,682.46,105.82
VEH0074,SHP00794,2026-02-14,680.25,94.04
VEH0046,SHP00795,2026-04-09,462.2,66.89
VEH0142,SHP00796,2026-03-26,1418.48,182.35
VEH0053,SHP00797,2026-03-29,548.11,94.52
VEH0089,SHP00798,2026-02-11,1240.73,303.59
VEH0134,SHP00799,2026-04-06,1462.42,197.35
VEH0123,SHP00800,2026-01-03,932.73,124.09
VEH0109,SHP00801,2026-03-14,410.67,71.95
VEH0025,SHP00802,2026-05-01,523.8,99.0
VEH0118,SHP00803,2026-02-01,637.04,152.43
VEH0002,SHP00804,2026-01-10,1213.72,199.23
VEH0088,SHP00805,2026-03-12,1154.93,160.57
VEH0117,SHP00806,2026-02-24,247.74,41.05
VEH0103,SHP00807,2026-04-07,1405.11,176.88
VEH0116,SHP00808,2026-05-31,798.7,139.28
VEH0117,SHP00809,2026-01-05,831.4,131.6
VEH0006,SHP00810,2026-04-21,642.45,145.15
VEH0067,SHP00811,2026-04-23,897.15,206.72
VEH0056,SHP00812,2026-05-15,1366.87,316.17
VEH0115,SHP00813,2026-01-27,428.03,54.84
VEH0092,SHP00814,2026-04-18,538.25,90.89
VEH0087,SHP00815,2026-01-20,676.6,127.58
VEH0006,SHP00816,2026-01-25,837.09,139.03
VEH0067,SHP00817,2026-05-25,607.32,91.34
VEH0053,SHP00818,2026-03-14,1335.89,198.43
VEH0095,SHP00819,2026-04-22,1056.73,134.13
VEH0072,SHP00820,2026-03-24,884.45,166.54
VEH0086,SHP00821,2026-04-15,1151.23,283.1
VEH0059,SHP00822,2026-05-05,642.37,94.06
VEH0068,SHP00823,2026-02-15,547.58,130.93
VEH0121,SHP00824,2026-05-18,1203.34,209.69
VEH0115,SHP00825,2026-02-01,902.35,118.76
VEH0034,SHP00826,2026-03-26,485.96,117.58
VEH0062,SHP00827,2026-05-18,130.76,17.55
VEH0126,SHP00828,2026-04-20,519.4,76.13
VEH0078,SHP00829,2026-05-12,1129.62,160.86
VEH0106,SHP00830,2026-03-05,1489.44,347.56
VEH0063,SHP00831,2026-04-15,800.09,155.35
VEH0099,SHP00832,2026-02-20,1296.2,173.46
VEH0005,SHP00833,2026-01-22,518.46,95.95
VEH0037,SHP00834,2026-04-23,81.52,18.88
VEH0086,SHP00835,2026-01-22,846.44,153.63
VEH0054,SHP00836,2026-01-01,1451.92,225.4
VEH0129,SHP00837,2026-04-05,1150.68,175.12
VEH0126,SHP00838,2026-04-28,263.77,35.3
VEH0122,SHP00839,2026-01-13,557.9,101.36
VEH0107,SHP00840,2026-02-07,1342.72,241.97
VEH0109,SHP00841,2026-02-25,124.83,26.13
VEH0055,SHP00842,2026-03-08,417.91,62.19
VEH0097,SHP00843,2026-03-04,634.3,89.04
VEH0039,SHP00844,2026-02-20,387.31,62.99
VEH0108,SHP00845,2026-01-23,372.41,64.67
VEH0013,SHP00846,2026-04-25,741.33,100.6
VEH0115,SHP00847,2026-03-19,1330.05,180.89
VEH0119,SHP00848,2026-04-20,455.91,83.97
VEH0035,SHP00849,2026-04-10,300.94,53.23
VEH0138,SHP00850,2026-03-22,405.25,72.76
VEH0142,SHP00851,2026-05-06,1060.1,175.58
VEH0127,SHP00852,2026-04-06,1229.89,243.07
VEH0062,SHP00853,2026-03-15,939.25,139.43
VEH0036,SHP00854,2026-05-31,1267.0,184.92
VEH0118,SHP00855,2026-03-06,563.51,118.36
VEH0062,SHP00856,2026-05-02,1323.36,176.99
VEH0122,SHP00857,2026-03-14,614.48,108.19
VEH0006,SHP00858,2026-05-03,86.28,11.52
VEH0079,SHP00859,2026-04-24,660.81,121.95
VEH0020,SHP00860,2026-03-23,558.56,107.58
VEH0054,SHP00861,2026-01-16,1143.85,161.88
VEH0009,SHP00862,2026-01-12,951.89,224.89
VEH0009,SHP00863,2026-04-15,877.91,171.77
VEH0130,SHP00864,2026-02-08,590.27,108.74
VEH0068,SHP00865,2026-03-29,401.14,77.71
VEH0086,SHP00866,2026-04-19,404.04,50.93
VEH0047,SHP00867,2026-02-21,579.91,108.03
VEH0106,SHP00868,2026-04-21,1304.13,288.49
VEH0004,SHP00869,2026-01-10,1476.59,226.29
VEH0147,SHP00870,2026-01-21,427.33,103.83
VEH0079,SHP00871,2026-05-30,151.7,21.85
VEH0108,SHP00872,2026-01-20,1484.92,222.87
VEH0129,SHP00873,2026-05-26,164.06,24.28
VEH0081,SHP00874,2026-01-21,907.78,162.21
VEH0082,SHP00875,2026-05-09,175.81,39.89
VEH0071,SHP00876,2026-04-13,361.8,46.11
VEH0079,SHP00877,2026-05-01,668.26,127.34
VEH0131,SHP00878,2026-04-15,700.58,91.06
VEH0072,SHP00879,2026-04-29,791.13,118.51
VEH0099,SHP00880,2026-05-21,1112.96,197.11
VEH0005,SHP00881,2026-04-06,1333.89,195.22
VEH0088,SHP00882,2026-05-31,1082.42,197.69
VEH0018,SHP00883,2026-03-12,593.64,97.21
VEH0060,SHP00884,2026-01-01,1091.58,160.4
VEH0048,SHP00885,2026-05-08,1108.49,176.03
VEH0005,SHP00886,2026-03-22,663.08,128.93
VEH0062,SHP00887,2026-05-17,453.45,76.54
VEH0018,SHP00888,2026-03-06,662.38,86.49
VEH0023,SHP00889,2026-05-17,129.45,30.32
VEH0125,SHP00890,2026-03-20,613.4,148.56
VEH0142,SHP00891,2026-01-24,704.05,141.53
VEH0129,SHP00892,2026-03-28,417.33,60.2
VEH0078,SHP00893,2026-02-02,293.11,50.36
VEH0068,SHP00894,2026-03-14,53.86,10.14
VEH0043,SHP00895,2026-02-27,199.51,25.84
VEH0058,SHP00896,2026-04-02,1185.48,200.13
VEH0105,SHP00897,2026-04-16,1488.56,242.08
VEH0128,SHP00898,2026-05-03,499.64,66.9
VEH0053,SHP00899,2026-04-04,488.55,101.46
VEH0003,SHP00900,2026-02-06,160.71,24.0
VEH0069,SHP00901,2026-04-18,565.25,102.86
VEH0021,SHP00902,2026-03-31,1170.05,190.62
VEH0135,SHP00903,2026-05-18,354.55,54.65
VEH0031,SHP00904,2026-05-06,578.79,123.91
VEH0015,SHP00905,2026-05-28,848.05,159.66
VEH0020,SHP00906,2026-02-13,807.65,118.36
VEH0097,SHP00907,2026-03-26,1458.13,234.58
VEH0029,SHP00908,2026-04-07,573.46,94.39
VEH0046,SHP00909,2026-02-25,718.04,102.12
VEH0025,SHP00910,2026-05-31,830.15,106.84
VEH0147,SHP00911,2026-01-24,369.49,60.28
VEH0011,SHP00912,2026-01-15,844.21,122.96
VEH0017,SHP00913,2026-03-08,1489.49,189.94
VEH0033,SHP00914,2026-02-14,1305.92,274.57
VEH0095,SHP00915,2026-05-28,502.05,108.48
VEH0014,SHP00916,2026-05-31,721.8,98.01
VEH0017,SHP00917,2026-05-12,1116.48,253.38
VEH0050,SHP00918,2026-03-17,505.87,85.9
VEH0103,SHP00919,2026-01-23,181.48,41.73
VEH0092,SHP00920,2026-04-03,335.13,77.3
VEH0017,SHP00921,2026-03-24,333.88,79.2
VEH0079,SHP00922,2026-03-17,374.01,78.59
VEH0023,SHP00923,2026-01-26,64.88,11.26
VEH0105,SHP00924,2026-04-03,1345.87,208.13
VEH0081,SHP00925,2026-03-23,940.17,180.37
VEH0111,SHP00926,2026-03-02,712.1,102.23
VEH0078,SHP00927,2026-01-31,1136.5,217.65
VEH0048,SHP00928,2026-01-26,1185.47,170.13
VEH0069,SHP00929,2026-03-29,254.97,32.88
VEH0022,SHP00930,2026-01-27,271.42,47.89
VEH0098,SHP00931,2026-04-08,83.22,10.55
VEH0016,SHP00932,2026-05-15,1050.53,240.22
VEH0065,SHP00933,2026-02-04,972.85,209.66
VEH0138,SHP00934,2026-02-06,1210.09,269.27
VEH0033,SHP00935,2026-02-08,655.23,108.95
VEH0128,SHP00936,2026-04-02,1046.17,160.18
VEH0098,SHP00937,2026-05-26,1395.41,248.81
VEH0008,SHP00938,2026-05-16,1179.69,150.89
VEH0147,SHP00939,2026-01-23,330.65,65.04
VEH0146,SHP00940,2026-02-28,1131.35,279.73
VEH0091,SHP00941,2026-05-07,251.77,34.97
VEH0117,SHP00942,2026-01-13,237.78,52.48
VEH0008,SHP00943,2026-01-12,1070.02,231.03
VEH0069,SHP00944,2026-05-24,1442.24,217.07
VEH0033,SHP00945,2026-03-07,542.42,90.81
VEH0032,SHP00946,2026-02-07,1217.34,195.53
VEH0086,SHP00947,2026-02-17,934.59,214.68
VEH0085,SHP00948,2026-05-12,1356.4,187.2
VEH0006,SHP00949,2026-02-07,1332.65,184.8
VEH0103,SHP00950,2026-01-05,1374.61,176.44
VEH0142,SHP00951,2026-01-08,1218.72,291.86
VEH0047,SHP00952,2026-03-09,301.58,38.96
VEH0077,SHP00953,2026-05-03,68.55,9.61
VEH0103,SHP00954,2026-03-29,432.06,55.26
VEH0066,SHP00955,2026-01-22,110.4,17.47
VEH0150,SHP00956,2026-05-10,970.12,122.98
VEH0067,SHP00957,2026-02-22,529.2,95.03
VEH0085,SHP00958,2026-04-01,101.15,13.31
VEH0132,SHP00959,2026-05-24,675.55,148.86
VEH0131,SHP00960,2026-04-24,763.6,126.54
VEH0109,SHP00961,2026-03-02,1105.61,200.16
VEH0014,SHP00962,2026-04-17,157.4,28.32
VEH0036,SHP00963,2026-01-06,988.37,131.08
VEH0050,SHP00964,2026-05-23,1332.85,167.25
VEH0124,SHP00965,2026-05-31,604.18,78.58
VEH0021,SHP00966,2026-05-28,451.79,64.42
VEH0005,SHP00967,2026-02-23,942.33,194.0
VEH0066,SHP00968,2026-05-14,527.44,74.92
VEH0083,SHP00969,2026-03-04,900.95,113.17
VEH0146,SHP00970,2026-03-16,862.17,110.49
VEH0032,SHP00971,2026-03-08,496.66,78.13
VEH0013,SHP00972,2026-04-03,716.42,114.56
VEH0144,SHP00973,2026-03-03,388.37,67.4
VEH0105,SHP00974,2026-05-02,903.36,119.96
VEH0145,SHP00975,2026-03-26,361.83,85.64
VEH0101,SHP00976,2026-05-07,1106.63,245.68
VEH0131,SHP00977,2026-05-13,61.35,9.85
VEH0106,SHP00978,2026-03-26,635.82,97.71
VEH0043,SHP00979,2026-04-05,601.0,90.47
VEH0137,SHP00980,2026-02-17,1172.73,151.18
VEH0043,SHP00981,2026-05-18,1315.32,283.76
VEH0029,SHP00982,2026-05-15,1356.55,192.68
VEH0054,SHP00983,2026-01-11,366.58,73.58
VEH0088,SHP00984,2026-04-20,683.34,113.14
VEH0109,SHP00985,2026-05-05,826.01,159.09
VEH0129,SHP00986,2026-01-05,1364.64,208.13
VEH0083,SHP00987,2026-05-22,935.68,167.18
VEH0072,SHP00988,2026-05-28,367.28,46.52
VEH0086,SHP00989,2026-02-07,521.91,82.85
VEH0052,SHP00990,2026-01-21,165.06,30.4
VEH0089,SHP00991,2026-03-26,1409.56,266.48
VEH0129,SHP00992,2026-05-06,919.57,198.42
VEH0071,SHP00993,2026-01-23,448.08,65.56
VEH0075,SHP00994,2026-05-15,1452.1,341.07
VEH0041,SHP00995,2026-04-20,609.37,80.72
VEH0031,SHP00996,2026-05-07,693.46,98.47
VEH0069,SHP00997,2026-04-15,665.38,124.64
VEH0092,SHP00998,2026-04-22,565.61,107.26
VEH0104,SHP00999,2026-04-23,500.49,112.56
VEH0003,SHP01000,2026-01-13,817.61,143.26
VEH0130,SHP01001,2026-02-17,870.3,180.33
VEH0050,SHP01002,2026-01-10,138.49,31.18
VEH0148,SHP01003,2026-05-02,174.5,25.12
VEH0072,SHP01004,2026-02-07,995.7,215.48
VEH0139,SHP01005,2026-02-25,233.07,45.49
VEH0043,SHP01006,2026-05-03,492.7,74.08
VEH0146,SHP01007,2026-05-14,603.28,97.1
VEH0013,SHP01008,2026-01-22,1161.12,202.16
VEH0009,SHP01009,2026-03-12,1216.47,162.26
VEH0077,SHP01010,2026-05-22,61.75,12.82
VEH0086,SHP01011,2026-02-26,57.26,7.79
VEH0135,SHP01012,2026-04-13,686.02,138.09
VEH0027,SHP01013,2026-03-30,630.36,90.21
VEH0005,SHP01014,2026-03-30,523.13,102.77
VEH0101,SHP01015,2026-01-11,405.32,87.79
VEH0069,SHP01016,2026-04-14,941.83,163.81
VEH0035,SHP01017,2026-01-13,967.84,212.66
VEH0102,SHP01018,2026-03-18,962.23,137.51
VEH0040,SHP01019,2026-05-16,954.87,224.58
VEH0114,SHP01020,2026-02-09,1240.47,229.88
VEH0011,SHP01021,2026-02-13,1214.38,222.51
VEH0092,SHP01022,2026-03-24,1472.62,195.88
VEH0056,SHP01023,2026-05-23,1097.85,148.37
VEH0128,SHP01024,2026-04-27,406.56,99.69
VEH0036,SHP01025,2026-01-23,543.27,102.89
VEH0107,SHP01026,2026-03-08,1375.57,248.07
VEH0102,SHP01027,2026-05-03,365.44,56.84
VEH0102,SHP01028,2026-01-01,979.95,193.36
VEH0006,SHP01029,2026-05-04,696.43,108.17
VEH0145,SHP01030,2026-05-26,1253.7,289.62
VEH0017,SHP01031,2026-04-27,1410.33,219.38
VEH0040,SHP01032,2026-05-27,750.75,136.97
VEH0025,SHP01033,2026-03-20,1032.5,202.08
VEH0053,SHP01034,2026-01-26,925.82,198.64
VEH0139,SHP01035,2026-02-15,672.69,131.84
VEH0063,SHP01036,2026-05-13,804.02,120.15
VEH0147,SHP01037,2026-05-02,1181.9,221.11
VEH0090,SHP01038,2026-04-08,444.56,76.92
VEH0010,SHP01039,2026-05-04,1181.19,186.62
VEH0068,SHP01040,2026-02-23,77.18,14.55
VEH0111,SHP01041,2026-05-18,976.04,186.85
VEH0087,SHP01042,2026-04-16,732.59,122.7
VEH0037,SHP01043,2026-01-01,1211.02,257.72
VEH0014,SHP01044,2026-05-05,1253.6,247.62
VEH0062,SHP01045,2026-03-18,637.13,81.71
VEH0093,SHP01046,2026-04-29,1304.44,242.32
VEH0013,SHP01047,2026-01-29,726.6,91.09
VEH0065,SHP01048,2026-04-29,228.45,42.84
VEH0074,SHP01049,2026-03-09,709.54,144.37
VEH0068,SHP01050,2026-05-18,398.57,92.97
VEH0094,SHP01051,2026-04-30,751.45,160.16
VEH0066,SHP01052,2026-01-27,1444.79,270.2
VEH0125,SHP01053,2026-03-21,373.71,73.54
VEH0096,SHP01054,2026-04-30,188.08,30.65
VEH0039,SHP01055,2026-03-02,360.3,54.09
VEH0096,SHP01056,2026-03-31,1298.02,211.21
VEH0150,SHP01057,2026-03-30,851.4,116.06
VEH0125,SHP01058,2026-04-03,754.68,118.08
VEH0105,SHP01059,2026-04-14,1395.55,317.83
VEH0136,SHP01060,2026-03-09,114.25,15.98
VEH0050,SHP01061,2026-04-16,960.7,214.91
VEH0078,SHP01062,2026-04-24,293.08,60.38
VEH0027,SHP01063,2026-03-06,52.73,12.95
VEH0114,SHP01064,2026-01-25,630.65,98.98
VEH0126,SHP01065,2026-03-04,419.0,52.93
VEH0090,SHP01066,2026-03-23,1462.58,325.17
VEH0133,SHP01067,2026-02-25,879.26,110.2
VEH0104,SHP01068,2026-01-10,774.0,150.77
VEH0100,SHP01069,2026-01-26,227.86,55.55
VEH0008,SHP01070,2026-01-11,77.98,13.35
VEH0010,SHP01071,2026-04-09,1149.07,199.72
VEH0070,SHP01072,2026-05-28,717.02,100.11
VEH0046,SHP01073,2026-05-16,98.49,15.96
VEH0102,SHP01074,2026-02-09,503.27,74.9
VEH0149,SHP01075,2026-03-02,209.27,29.1
VEH0150,SHP01076,2026-04-19,1013.64,143.12
VEH0091,SHP01077,2026-02-20,695.5,103.69
VEH0062,SHP01078,2026-04-05,1196.35,201.16
VEH0135,SHP01079,2026-04-15,1324.83,184.46
VEH0033,SHP01080,2026-02-04,115.94,27.4
VEH0022,SHP01081,2026-02-24,824.27,169.69
VEH0028,SHP01082,2026-02-19,384.2,71.39
VEH0049,SHP01083,2026-01-13,937.53,218.15
VEH0080,SHP01084,2026-02-12,925.22,121.05
VEH0059,SHP01085,2026-04-21,764.12,145.85
VEH0058,SHP01086,2026-03-22,637.52,95.3
VEH0146,SHP01087,2026-04-16,745.69,105.21
VEH0017,SHP01088,2026-03-10,690.36,94.82
VEH0003,SHP01089,2026-01-14,804.23,196.66
VEH0059,SHP01090,2026-04-04,1375.55,205.48
VEH0094,SHP01091,2026-05-24,1172.56,204.0
VEH0007,SHP01092,2026-05-12,1229.95,221.24
VEH0047,SHP01093,2026-04-17,302.45,40.88
VEH0068,SHP01094,2026-01-18,394.06,56.96
VEH0134,SHP01095,2026-04-10,255.16,42.34
VEH0023,SHP01096,2026-02-02,672.29,106.16
VEH0043,SHP01097,2026-01-20,1024.72,130.91
VEH0083,SHP01098,2026-02-10,432.59,65.24
VEH0028,SHP01099,2026-05-30,1217.4,281.13
VEH0146,SHP01100,2026-02-07,759.39,115.63
VEH0079,SHP01101,2026-04-11,1272.21,175.72
VEH0116,SHP01102,2026-03-09,1466.28,208.42
VEH0096,SHP01103,2026-02-24,962.31,189.01
VEH0082,SHP01104,2026-03-13,312.25,46.29
VEH0134,SHP01105,2026-01-25,465.29,108.07
VEH0088,SHP01106,2026-01-22,1206.07,178.67
VEH0049,SHP01107,2026-05-11,360.05,46.85
VEH0037,SHP01108,2026-01-15,1451.24,215.04
VEH0139,SHP01109,2026-01-26,348.81,47.77
VEH0110,SHP01110,2026-05-12,1050.52,215.91
VEH0072,SHP01111,2026-05-08,486.32,110.56
VEH0035,SHP01112,2026-02-12,1411.69,280.06
VEH0134,SHP01113,2026-03-04,90.46,21.05
VEH0016,SHP01114,2026-01-25,337.57,63.76
VEH0139,SHP01115,2026-02-23,211.37,36.62
VEH0001,SHP01116,2026-05-11,1371.56,339.02
VEH0075,SHP01117,2026-04-30,748.44,105.25
VEH0147,SHP01118,2026-01-03,1366.51,326.54
VEH0124,SHP01119,2026-04-22,1487.51,223.83
VEH0120,SHP01120,2026-04-07,207.19,33.56
VEH0001,SHP01121,2026-05-04,259.35,40.43
VEH0017,SHP01122,2026-04-17,660.55,111.37
VEH0038,SHP01123,2026-01-11,319.04,72.92
VEH0133,SHP01124,2026-04-12,458.81,75.29
VEH0027,SHP01125,2026-05-09,863.33,130.27
VEH0012,SHP01126,2026-02-27,615.4,97.73
VEH0100,SHP01127,2026-03-18,1334.77,199.66
VEH0066,SHP01128,2026-04-20,998.79,139.04
VEH0022,SHP01129,2026-04-13,727.54,163.98
VEH0060,SHP01130,2026-01-06,103.66,15.09
VEH0146,SHP01131,2026-01-09,611.01,79.9
VEH0125,SHP01132,2026-01-04,1449.62,210.78
VEH0030,SHP01133,2026-04-26,382.73,84.62
VEH0018,SHP01134,2026-04-06,1039.88,231.42
VEH0102,SHP01135,2026-05-20,860.05,195.49
VEH0003,SHP01136,2026-04-29,256.19,46.04
VEH0086,SHP01137,2026-03-05,452.04,101.09
VEH0102,SHP01138,2026-02-05,147.13,29.45
VEH0044,SHP01139,2026-04-13,1182.39,220.44
VEH0029,SHP01140,2026-04-19,1204.04,263.91
VEH0007,SHP01141,2026-05-21,878.51,113.84
VEH0071,SHP01142,2026-05-12,1076.37,184.88
VEH0060,SHP01143,2026-02-20,65.17,8.74
VEH0060,SHP01144,2026-05-09,1170.42,213.88
VEH0022,SHP01145,2026-01-02,1249.96,262.13
VEH0084,SHP01146,2026-01-22,641.97,110.79
VEH0065,SHP01147,2026-04-07,746.03,139.39
VEH0089,SHP01148,2026-02-01,882.17,124.5
VEH0021,SHP01149,2026-03-19,87.7,18.85
VEH0023,SHP01150,2026-02-08,118.27,16.36
VEH0023,SHP01151,2026-05-27,1370.78,275.36
VEH0150,SHP01152,2026-05-04,529.11,87.41
VEH0057,SHP01153,2026-03-28,871.08,215.2
VEH0117,SHP01154,2026-01-26,1221.64,163.99
VEH0125,SHP01155,2026-01-07,764.53,128.02
VEH0129,SHP01156,2026-04-26,328.76,61.09
VEH0078,SHP01157,2026-01-19,1365.95,180.37
VEH0098,SHP01158,2026-01-02,237.88,31.13
VEH0065,SHP01159,2026-05-19,528.44,67.29
VEH0143,SHP01160,2026-03-24,1223.27,173.68
VEH0144,SHP01161,2026-03-08,352.81,60.9
VEH0104,SHP01162,2026-04-28,217.19,34.87
VEH0016,SHP01163,2026-01-03,723.94,108.55
VEH0084,SHP01164,2026-05-31,612.27,125.01
VEH0060,SHP01165,2026-01-21,1208.61,207.66
VEH0061,SHP01166,2026-01-12,976.63,165.82
VEH0149,SHP01167,2026-04-18,380.09,80.73
VEH0116,SHP01168,2026-03-27,1135.2,164.75
VEH0068,SHP01169,2026-03-29,1372.99,173.04
VEH0139,SHP01170,2026-03-13,218.65,54.64
VEH0078,SHP01171,2026-04-23,1350.51,181.64
VEH0030,SHP01172,2026-05-19,1101.77,226.29
VEH0006,SHP01173,2026-03-29,184.46,34.3
VEH0014,SHP01174,2026-04-27,1275.43,274.36
VEH0093,SHP01175,2026-05-29,911.81,123.3
VEH0123,SHP01176,2026-04-16,1091.27,210.04
VEH0014,SHP01177,2026-05-04,1256.33,284.19
VEH0101,SHP01178,2026-03-20,1432.38,227.2
VEH0090,SHP01179,2026-04-18,1327.61,243.68
VEH0145,SHP01180,2026-04-27,545.06,118.51
VEH0148,SHP01181,2026-02-23,269.97,48.65
VEH0007,SHP01182,2026-02-22,479.26,89.56
VEH0067,SHP01183,2026-04-08,890.96,138.45
VEH0107,SHP01184,2026-01-03,816.22,151.28
VEH0047,SHP01185,2026-04-15,1272.13,230.63
VEH0105,SHP01186,2026-05-21,148.14,24.37
VEH0114,SHP01187,2026-04-23,740.72,113.97
VEH0096,SHP01188,2026-04-30,1341.04,232.98
VEH0146,SHP01189,2026-05-25,109.28,16.51
VEH0097,SHP01190,2026-02-27,1344.97,239.1
VEH0114,SHP01191,2026-01-18,770.65,121.23
VEH0113,SHP01192,2026-03-03,1021.62,235.31
VEH0142,SHP01193,2026-04-18,1483.12,330.11
VEH0009,SHP01194,2026-04-15,299.97,45.16
VEH0043,SHP01195,2026-03-15,832.48,109.48
VEH0062,SHP01196,2026-01-14,342.49,69.51
VEH0059,SHP01197,2026-03-06,1192.3,245.19
VEH0103,SHP01198,2026-01-08,455.89,111.46
VEH0097,SHP01199,2026-05-25,1260.05,161.38
VEH0059,SHP01200,2026-01-01,1478.12,293.61
VEH0034,SHP01201,2026-02-18,628.3,116.89
VEH0101,SHP01202,2026-03-24,544.48,88.52
VEH0024,SHP01203,2026-02-04,1178.87,184.34
VEH0013,SHP01204,2026-01-09,783.48,157.65
VEH0068,SHP01205,2026-03-06,1188.93,159.67
VEH0087,SHP01206,2026-03-15,820.04,112.15
VEH0088,SHP01207,2026-03-04,820.98,115.31
VEH0134,SHP01208,2026-01-03,204.62,26.07
VEH0080,SHP01209,2026-02-06,421.09,77.29
VEH0064,SHP01210,2026-04-24,817.64,203.1
VEH0034,SHP01211,2026-04-04,644.79,80.87
VEH0143,SHP01212,2026-04-19,532.88,129.36
VEH0115,SHP01213,2026-05-20,848.44,129.53
VEH0011,SHP01214,2026-02-28,625.49,93.15
VEH0044,SHP01215,2026-02-01,1097.05,140.58
VEH0124,SHP01216,2026-01-09,411.2,95.61
VEH0084,SHP01217,2026-05-24,1357.85,310.57
VEH0054,SHP01218,2026-05-28,631.86,111.66
VEH0121,SHP01219,2026-05-25,1009.66,163.91
VEH0133,SHP01220,2026-05-08,810.5,136.54
VEH0020,SHP01221,2026-03-06,344.32,47.89
VEH0146,SHP01222,2026-04-03,1212.09,167.83
VEH0029,SHP01223,2026-05-02,1205.95,256.87
VEH0080,SHP01224,2026-03-18,1377.78,218.36
VEH0050,SHP01225,2026-02-16,216.54,53.69
VEH0121,SHP01226,2026-01-02,835.76,138.69
VEH0011,SHP01227,2026-02-15,78.11,18.1
VEH0021,SHP01228,2026-02-08,814.25,155.13
VEH0041,SHP01229,2026-01-01,1411.55,307.62
VEH0093,SHP01230,2026-03-18,169.29,22.42
VEH0102,SHP01231,2026-03-12,581.53,114.33
VEH0018,SHP01232,2026-01-15,818.25,126.31
VEH0107,SHP01233,2026-02-03,1309.24,257.92
VEH0005,SHP01234,2026-01-26,1317.95,249.7
VEH0147,SHP01235,2026-04-25,565.49,100.57
VEH0014,SHP01236,2026-02-28,416.65,88.97
VEH0124,SHP01237,2026-05-17,1308.2,233.9
VEH0139,SHP01238,2026-02-18,1367.39,254.8
VEH0096,SHP01239,2026-05-10,342.41,54.42
VEH0061,SHP01240,2026-05-23,1430.9,313.31
VEH0003,SHP01241,2026-04-20,363.44,59.2
VEH0067,SHP01242,2026-03-27,121.01,27.81
VEH0059,SHP01243,2026-02-04,695.88,109.11
VEH0137,SHP01244,2026-03-29,631.94,146.9
VEH0118,SHP01245,2026-01-02,775.24,176.24
VEH0028,SHP01246,2026-05-25,188.7,45.17
VEH0124,SHP01247,2026-02-03,676.81,105.14
VEH0019,SHP01248,2026-05-27,90.18,19.97
VEH0144,SHP01249,2026-02-09,239.51,53.5
VEH0033,SHP01250,2026-03-02,847.08,123.06
VEH0145,SHP01251,2026-04-26,378.92,82.42
VEH0148,SHP01252,2026-02-20,1270.58,173.45
VEH0130,SHP01253,2026-02-11,1143.23,180.26
VEH0138,SHP01254,2026-04-06,910.42,206.32
VEH0020,SHP01255,2026-04-20,1376.0,190.0
VEH0114,SHP01256,2026-01-22,1271.36,176.37
VEH0005,SHP01257,2026-04-30,459.51,98.62
VEH0078,SHP01258,2026-01-29,534.66,69.03
VEH0047,SHP01259,2026-03-18,1492.63,190.08
VEH0061,SHP01260,2026-05-30,863.87,147.14
VEH0089,SHP01261,2026-01-21,647.47,116.83
VEH0018,SHP01262,2026-02-15,799.84,129.39
VEH0121,SHP01263,2026-04-26,485.55,77.07
VEH0112,SHP01264,2026-04-29,391.67,50.89
VEH0067,SHP01265,2026-03-18,746.02,99.11
VEH0088,SHP01266,2026-03-19,327.34,62.67
VEH0127,SHP01267,2026-02-12,952.82,162.88
VEH0093,SHP01268,2026-05-02,925.22,123.89
VEH0079,SHP01269,2026-02-27,209.96,27.57
VEH0012,SHP01270,2026-02-10,1346.77,180.38
VEH0058,SHP01271,2026-03-11,939.41,149.46
VEH0076,SHP01272,2026-02-02,1395.74,211.83
VEH0108,SHP01273,2026-01-13,474.87,75.08
VEH0146,SHP01274,2026-03-15,958.4,139.22
VEH0091,SHP01275,2026-05-04,63.75,14.95
VEH0074,SHP01276,2026-02-12,380.68,67.25
VEH0036,SHP01277,2026-02-02,638.0,94.13
VEH0009,SHP01278,2026-02-26,580.65,91.07
VEH0014,SHP01279,2026-01-22,648.26,101.32
VEH0016,SHP01280,2026-01-26,1090.86,215.0
VEH0062,SHP01281,2026-01-28,1034.22,225.16
VEH0118,SHP01282,2026-02-17,1419.12,318.57
VEH0017,SHP01283,2026-03-08,1238.41,221.78
VEH0108,SHP01284,2026-05-27,762.45,102.13
VEH0003,SHP01285,2026-01-17,1456.0,359.42
VEH0058,SHP01286,2026-02-25,806.47,179.08
VEH0070,SHP01287,2026-04-25,1469.39,228.05
VEH0148,SHP01288,2026-05-18,1211.63,260.32
VEH0083,SHP01289,2026-04-17,974.19,132.79
VEH0124,SHP01290,2026-05-03,1042.37,136.32
VEH0091,SHP01291,2026-03-05,1206.01,278.54
VEH0044,SHP01292,2026-02-12,1301.41,319.01
VEH0078,SHP01293,2026-04-30,675.35,88.27
VEH0084,SHP01294,2026-01-03,1106.46,223.75
VEH0145,SHP01295,2026-01-05,111.92,23.26
VEH0015,SHP01296,2026-04-21,883.24,129.65
VEH0018,SHP01297,2026-03-21,485.89,83.58
VEH0126,SHP01298,2026-03-05,486.6,83.8
VEH0082,SHP01299,2026-03-08,1270.95,186.28
VEH0073,SHP01300,2026-02-15,1005.06,238.73
VEH0127,SHP01301,2026-02-06,979.88,217.76
VEH0111,SHP01302,2026-04-24,1099.97,157.15
VEH0069,SHP01303,2026-05-27,1428.03,197.09
VEH0060,SHP01304,2026-05-28,375.72,78.51
VEH0082,SHP01305,2026-02-24,630.36,154.62
VEH0047,SHP01306,2026-03-30,1122.05,167.78
VEH0057,SHP01307,2026-03-27,303.05,51.58
VEH0131,SHP01308,2026-01-26,712.18,142.65
VEH0124,SHP01309,2026-03-01,1343.31,269.47
VEH0054,SHP01310,2026-01-13,451.99,90.5
VEH0080,SHP01311,2026-01-26,312.14,63.44
VEH0122,SHP01312,2026-03-06,1275.44,276.66
VEH0096,SHP01313,2026-02-18,81.38,12.96
VEH0015,SHP01314,2026-03-03,1086.14,186.16
VEH0019,SHP01315,2026-04-13,383.72,91.81
VEH0034,SHP01316,2026-03-25,119.89,24.01
VEH0023,SHP01317,2026-04-04,188.96,45.94
VEH0128,SHP01318,2026-01-14,1423.45,268.72
VEH0069,SHP01319,2026-01-14,1215.76,155.39
VEH0077,SHP01320,2026-03-29,446.41,96.85
VEH0041,SHP01321,2026-04-06,620.24,144.75
VEH0034,SHP01322,2026-03-24,1228.87,165.54
VEH0010,SHP01323,2026-05-05,387.23,53.76
VEH0024,SHP01324,2026-03-05,1167.51,271.42
VEH0089,SHP01325,2026-01-06,1242.33,179.24
VEH0080,SHP01326,2026-03-07,556.48,79.82
VEH0121,SHP01327,2026-01-29,1400.82,177.4
VEH0081,SHP01328,2026-04-02,533.11,89.02
VEH0101,SHP01329,2026-04-21,769.46,171.56
VEH0132,SHP01330,2026-02-03,1206.44,256.98
VEH0005,SHP01331,2026-04-21,1471.96,261.06
VEH0020,SHP01332,2026-05-18,224.47,39.79
VEH0111,SHP01333,2026-03-02,1002.84,132.53
VEH0001,SHP01334,2026-04-28,508.12,125.86
VEH0011,SHP01335,2026-03-16,681.94,158.86
VEH0144,SHP01336,2026-04-09,273.07,51.94
VEH0108,SHP01337,2026-04-25,776.41,142.88
VEH0049,SHP01338,2026-02-25,717.84,166.58
VEH0130,SHP01339,2026-01-11,1054.46,185.32
VEH0028,SHP01340,2026-01-12,1130.49,177.43
VEH0107,SHP01341,2026-01-25,164.04,31.93
VEH0039,SHP01342,2026-05-05,1281.89,184.96
VEH0143,SHP01343,2026-01-26,1255.03,205.82
VEH0072,SHP01344,2026-04-11,830.02,171.9
VEH0063,SHP01345,2026-05-23,1001.84,180.72
VEH0131,SHP01346,2026-05-02,808.35,143.57
VEH0023,SHP01347,2026-05-16,1076.2,155.17
VEH0108,SHP01348,2026-01-12,1235.09,228.18
VEH0098,SHP01349,2026-03-27,1489.87,228.83
VEH0138,SHP01350,2026-02-11,1490.23,211.83
VEH0009,SHP01351,2026-01-04,601.28,127.81
VEH0125,SHP01352,2026-02-10,744.79,161.06
VEH0142,SHP01353,2026-01-29,1244.98,180.54
VEH0075,SHP01354,2026-04-25,1026.18,131.99
VEH0054,SHP01355,2026-04-01,273.79,57.37
VEH0133,SHP01356,2026-02-27,658.96,161.87
VEH0008,SHP01357,2026-05-17,1104.37,161.28
VEH0114,SHP01358,2026-05-14,371.82,52.56
VEH0146,SHP01359,2026-04-06,1152.34,181.87
VEH0073,SHP01360,2026-05-21,199.7,39.77
VEH0021,SHP01361,2026-03-08,346.41,59.26
VEH0010,SHP01362,2026-04-22,611.92,121.08
VEH0107,SHP01363,2026-04-26,599.43,98.91
VEH0087,SHP01364,2026-05-06,590.23,78.98
VEH0078,SHP01365,2026-04-01,1345.16,310.23
VEH0094,SHP01366,2026-04-13,675.11,124.92
VEH0023,SHP01367,2026-05-09,350.48,67.21
VEH0113,SHP01368,2026-02-23,120.78,18.57
VEH0009,SHP01369,2026-02-04,903.43,196.99
VEH0089,SHP01370,2026-04-20,556.76,75.86
VEH0062,SHP01371,2026-05-01,530.35,74.03
VEH0062,SHP01372,2026-01-05,1070.08,180.5
VEH0127,SHP01373,2026-05-23,1031.66,234.59
VEH0042,SHP01374,2026-04-17,747.5,117.39
VEH0124,SHP01375,2026-02-09,206.21,40.18
VEH0068,SHP01376,2026-01-15,68.29,15.47
VEH0075,SHP01377,2026-03-28,250.82,45.61
VEH0088,SHP01378,2026-03-17,515.81,77.77
VEH0010,SHP01379,2026-05-25,905.29,219.44
VEH0054,SHP01380,2026-05-26,899.92,145.1
VEH0118,SHP01381,2026-03-02,1277.62,227.91
VEH0080,SHP01382,2026-04-07,804.62,136.07
VEH0052,SHP01383,2026-03-14,191.23,39.36
VEH0016,SHP01384,2026-01-08,410.66,84.17
VEH0058,SHP01385,2026-03-22,93.37,21.62
VEH0058,SHP01386,2026-01-05,278.21,53.21
VEH0072,SHP01387,2026-01-28,762.99,96.65
VEH0106,SHP01388,2026-03-22,684.64,109.15
VEH0100,SHP01389,2026-02-09,1486.04,262.86
VEH0050,SHP01390,2026-04-02,792.38,132.37
VEH0097,SHP01391,2026-02-10,194.68,30.31
VEH0084,SHP01392,2026-04-14,260.64,56.41
VEH0064,SHP01393,2026-01-10,130.75,28.04
VEH0074,SHP01394,2026-01-10,237.98,31.37
VEH0116,SHP01395,2026-01-27,589.81,84.57
VEH0095,SHP01396,2026-05-13,317.46,73.57
VEH0068,SHP01397,2026-01-27,867.6,207.86
VEH0043,SHP01398,2026-05-10,1388.39,187.54
VEH0018,SHP01399,2026-04-16,1329.71,328.49
VEH0139,SHP01400,2026-01-30,633.69,151.83
VEH0033,SHP01401,2026-05-05,1282.21,263.29
VEH0071,SHP01402,2026-05-05,814.45,157.36
VEH0143,SHP01403,2026-04-08,970.58,234.75
VEH0084,SHP01404,2026-02-05,1209.5,213.5
VEH0142,SHP01405,2026-03-14,736.77,114.3
VEH0038,SHP01406,2026-02-10,488.98,105.81
VEH0143,SHP01407,2026-02-08,1208.9,239.95
VEH0101,SHP01408,2026-02-18,414.04,67.03
VEH0119,SHP01409,2026-03-02,1100.07,221.02
VEH0011,SHP01410,2026-02-27,719.93,138.43
VEH0029,SHP01411,2026-05-17,1417.38,192.83
VEH0098,SHP01412,2026-05-31,95.77,20.77
VEH0032,SHP01413,2026-03-05,1227.65,159.84
VEH0099,SHP01414,2026-01-22,1020.83,181.16
VEH0024,SHP01415,2026-05-09,85.54,14.71
VEH0027,SHP01416,2026-05-29,873.4,125.18
VEH0081,SHP01417,2026-04-07,1216.14,188.18
VEH0037,SHP01418,2026-03-19,1436.8,214.25
VEH0142,SHP01419,2026-02-24,1103.11,195.7
VEH0057,SHP01420,2026-03-09,469.73,59.65
VEH0018,SHP01421,2026-05-13,163.81,37.46
VEH0144,SHP01422,2026-01-27,200.28,25.76
VEH0088,SHP01423,2026-01-22,502.47,64.46
VEH0081,SHP01424,2026-01-30,1061.24,215.44
VEH0001,SHP01425,2026-03-21,695.15,109.49
VEH0093,SHP01426,2026-04-17,502.14,120.87
VEH0013,SHP01427,2026-04-09,51.98,7.45
VEH0129,SHP01428,2026-04-28,707.19,136.43
VEH0051,SHP01429,2026-01-27,813.52,190.22
VEH0100,SHP01430,2026-03-11,430.88,59.6
VEH0040,SHP01431,2026-04-28,506.32,112.5
VEH0069,SHP01432,2026-01-14,525.78,66.5
VEH0057,SHP01433,2026-02-24,709.74,139.96
VEH0068,SHP01434,2026-03-08,1293.88,166.96
VEH0135,SHP01435,2026-04-26,946.44,149.69
VEH0064,SHP01436,2026-01-28,55.38,7.13
VEH0074,SHP01437,2026-01-23,1076.63,193.2
VEH0077,SHP01438,2026-01-19,319.44,48.99
VEH0058,SHP01439,2026-02-12,56.25,10.15
VEH0090,SHP01440,2026-03-01,668.61,92.4
VEH0143,SHP01441,2026-01-12,1413.44,207.51
VEH0102,SHP01442,2026-03-03,554.14,71.95
VEH0021,SHP01443,2026-01-07,177.0,24.09
VEH0086,SHP01444,2026-03-17,1494.85,233.2
VEH0083,SHP01445,2026-02-27,640.16,146.21
VEH0074,SHP01446,2026-01-06,624.44,112.43
VEH0134,SHP01447,2026-04-13,139.08,24.13
VEH0144,SHP01448,2026-04-07,722.62,138.93
VEH0133,SHP01449,2026-03-11,1173.6,179.32
VEH0120,SHP01450,2026-01-04,787.71,129.83
VEH0028,SHP01451,2026-01-07,1352.37,271.24
VEH0117,SHP01452,2026-04-30,1482.93,192.95
VEH0125,SHP01453,2026-02-26,55.7,12.99
VEH0080,SHP01454,2026-02-20,998.07,190.01
VEH0010,SHP01455,2026-04-24,1222.97,168.37
VEH0019,SHP01456,2026-04-24,815.32,183.52
VEH0109,SHP01457,2026-01-14,204.59,30.03
VEH0007,SHP01458,2026-02-13,1489.42,291.35
VEH0076,SHP01459,2026-01-23,1386.77,273.41
VEH0086,SHP01460,2026-04-19,1419.98,196.11
VEH0060,SHP01461,2026-05-13,699.22,142.41
VEH0105,SHP01462,2026-03-29,489.41,78.2
VEH0146,SHP01463,2026-01-28,592.34,127.47
VEH0055,SHP01464,2026-03-01,746.07,111.04
VEH0015,SHP01465,2026-03-21,572.28,75.03
VEH0150,SHP01466,2026-02-16,944.92,131.46
VEH0090,SHP01467,2026-02-24,607.85,108.22
VEH0123,SHP01468,2026-04-27,1093.04,159.09
VEH0056,SHP01469,2026-05-26,391.27,49.04
VEH0040,SHP01470,2026-03-11,1310.13,185.74
VEH0039,SHP01471,2026-02-20,784.52,114.18
VEH0090,SHP01472,2026-05-15,1199.53,165.52
VEH0063,SHP01473,2026-02-09,595.37,111.95
VEH0100,SHP01474,2026-05-22,1305.35,196.72
VEH0021,SHP01475,2026-03-03,707.19,161.83
VEH0032,SHP01476,2026-05-04,446.55,92.97
VEH0009,SHP01477,2026-04-21,1380.25,248.15
VEH0026,SHP01478,2026-05-03,58.5,10.72
VEH0119,SHP01479,2026-02-02,1315.43,180.22
VEH0100,SHP01480,2026-02-04,221.74,32.28
VEH0143,SHP01481,2026-02-18,541.55,97.18
VEH0068,SHP01482,2026-04-11,1404.97,256.2
VEH0137,SHP01483,2026-04-25,488.28,101.0
VEH0084,SHP01484,2026-04-03,72.58,9.36
VEH0060,SHP01485,2026-03-02,754.7,102.15
VEH0026,SHP01486,2026-05-19,413.28,91.25
VEH0150,SHP01487,2026-02-08,1479.07,264.59
VEH0015,SHP01488,2026-03-26,575.07,127.66
VEH0100,SHP01489,2026-01-14,84.59,10.99
VEH0029,SHP01490,2026-01-15,60.28,9.04
VEH0019,SHP01491,2026-04-17,170.59,32.15
VEH0050,SHP01492,2026-05-24,152.1,23.98
VEH0132,SHP01493,2026-01-21,423.99,84.64
VEH0060,SHP01494,2026-01-01,252.01,57.92
VEH0132,SHP01495,2026-02-05,117.97,16.95
VEH0078,SHP01496,2026-04-07,999.97,209.51
VEH0144,SHP01497,2026-04-14,1256.7,193.4
VEH0056,SHP01498,2026-01-19,743.2,155.27
VEH0136,SHP01499,2026-02-01,138.97,20.86
VEH0120,SHP01500,2026-03-04,766.0,101.38
VEH0093,SHP01501,2026-03-23,960.79,170.03
VEH0036,SHP01502,2026-02-02,1100.73,257.13
VEH0136,SHP01503,2026-05-21,1482.35,209.12
VEH0106,SHP01504,2026-02-24,247.51,54.29
VEH0102,SHP01505,2026-03-15,1138.45,186.48
VEH0058,SHP01506,2026-01-08,226.27,40.86
VEH0030,SHP01507,2026-04-22,275.53,48.73
VEH0049,SHP01508,2026-03-23,930.95,163.49
VEH0017,SHP01509,2026-04-16,1373.94,213.41
VEH0004,SHP01510,2026-03-04,1279.04,222.9
VEH0018,SHP01511,2026-05-27,263.65,37.0
VEH0088,SHP01512,2026-02-05,1114.55,168.0
VEH0103,SHP01513,2026-04-27,1193.17,194.5
VEH0062,SHP01514,2026-04-29,1371.69,291.9
VEH0146,SHP01515,2026-03-24,895.6,139.5
VEH0048,SHP01516,2026-03-22,1276.21,273.77
VEH0066,SHP01517,2026-03-08,318.26,49.27
VEH0064,SHP01518,2026-04-20,486.86,80.06
VEH0112,SHP01519,2026-05-10,1161.78,167.92
VEH0030,SHP01520,2026-01-20,213.8,27.1
VEH0057,SHP01521,2026-01-12,498.21,63.19
VEH0134,SHP01522,2026-01-07,667.82,162.99
VEH0022,SHP01523,2026-03-27,514.69,85.8
VEH0015,SHP01524,2026-04-10,510.03,94.61
VEH0124,SHP01525,2026-05-16,1062.97,227.73
VEH0044,SHP01526,2026-04-02,744.42,115.61
VEH0005,SHP01527,2026-03-10,886.83,131.34
VEH0120,SHP01528,2026-02-13,1434.07,183.51
VEH0102,SHP01529,2026-04-12,218.53,46.35
VEH0049,SHP01530,2026-03-24,1101.03,226.3
VEH0002,SHP01531,2026-02-14,787.64,183.61
VEH0146,SHP01532,2026-05-06,952.61,177.1
VEH0117,SHP01533,2026-05-27,729.19,148.53
VEH0126,SHP01534,2026-05-29,333.57,45.56
VEH0145,SHP01535,2026-02-07,507.98,94.33
VEH0022,SHP01536,2026-01-19,419.54,72.26
VEH0101,SHP01537,2026-04-27,143.37,21.39
VEH0109,SHP01538,2026-02-07,67.18,9.82
VEH0119,SHP01539,2026-04-21,1443.89,259.14
VEH0143,SHP01540,2026-03-16,200.91,43.29
VEH0054,SHP01541,2026-01-08,1108.91,238.91
VEH0093,SHP01542,2026-04-12,1204.9,195.22
VEH0131,SHP01543,2026-02-07,1436.55,347.98
VEH0065,SHP01544,2026-05-24,888.15,190.41
VEH0044,SHP01545,2026-01-29,252.01,42.97
VEH0134,SHP01546,2026-05-15,107.01,18.18
VEH0113,SHP01547,2026-02-28,343.95,73.38
VEH0075,SHP01548,2026-05-20,1088.59,137.34
VEH0121,SHP01549,2026-02-04,555.96,117.4
VEH0006,SHP01550,2026-05-21,59.55,9.21
VEH0065,SHP01551,2026-01-18,477.64,77.3
VEH0126,SHP01552,2026-04-21,683.44,99.54
VEH0102,SHP01553,2026-03-25,1154.95,238.76
VEH0084,SHP01554,2026-04-01,146.02,22.47
VEH0005,SHP01555,2026-01-05,531.42,78.87
VEH0009,SHP01556,2026-05-12,1437.64,190.67
VEH0138,SHP01557,2026-03-07,216.49,41.52
VEH0045,SHP01558,2026-02-23,1079.51,239.08
VEH0108,SHP01559,2026-01-03,1050.62,259.32
VEH0062,SHP01560,2026-03-24,1494.25,329.23
VEH0136,SHP01561,2026-03-01,105.52,15.11
VEH0070,SHP01562,2026-02-06,54.09,7.1
VEH0051,SHP01563,2026-04-27,1321.88,201.54
VEH0030,SHP01564,2026-04-22,529.8,109.94
VEH0144,SHP01565,2026-01-08,1162.9,254.68
VEH0107,SHP01566,2026-04-12,1303.48,293.09
VEH0110,SHP01567,2026-04-09,370.61,65.16
VEH0079,SHP01568,2026-01-03,1262.42,214.52
VEH0066,SHP01569,2026-04-06,410.66,55.25
VEH0005,SHP01570,2026-04-10,453.75,90.55
VEH0149,SHP01571,2026-04-29,194.41,34.94
VEH0074,SHP01572,2026-03-16,56.21,8.34
VEH0008,SHP01573,2026-01-26,1193.73,224.17
VEH0126,SHP01574,2026-04-15,527.34,79.62
VEH0106,SHP01575,2026-02-13,484.02,76.58
VEH0076,SHP01576,2026-01-25,797.8,125.73
VEH0005,SHP01577,2026-04-15,222.57,55.31
VEH0107,SHP01578,2026-01-26,942.15,119.07
VEH0032,SHP01579,2026-03-26,1109.67,156.48
VEH0096,SHP01580,2026-02-10,1262.86,184.81
VEH0035,SHP01581,2026-05-22,1062.29,156.56
VEH0141,SHP01582,2026-02-19,1406.4,265.48
VEH0078,SHP01583,2026-03-02,1476.95,224.06
VEH0015,SHP01584,2026-03-20,557.27,109.61
VEH0088,SHP01585,2026-02-20,770.57,137.15
VEH0028,SHP01586,2026-01-23,913.93,218.28
VEH0041,SHP01587,2026-03-25,217.93,40.98
VEH0047,SHP01588,2026-04-29,513.04,76.08
VEH0138,SHP01589,2026-02-15,695.72,112.7
VEH0114,SHP01590,2026-03-12,632.71,129.54
VEH0061,SHP01591,2026-01-06,820.71,201.41
VEH0137,SHP01592,2026-05-10,419.35,53.38
VEH0121,SHP01593,2026-01-31,60.14,8.55
VEH0080,SHP01594,2026-02-03,1263.32,220.59
VEH0057,SHP01595,2026-04-05,308.23,38.69
VEH0076,SHP01596,2026-04-04,1438.05,270.62
VEH0084,SHP01597,2026-04-01,914.57,193.59
VEH0114,SHP01598,2026-05-07,867.12,150.23
VEH0023,SHP01599,2026-01-28,919.4,115.94
VEH0141,SHP01600,2026-02-27,1036.9,145.2
VEH0085,SHP01601,2026-04-30,76.57,14.66
VEH0065,SHP01602,2026-03-25,646.93,141.52
VEH0023,SHP01603,2026-04-10,1162.23,172.66
VEH0092,SHP01604,2026-05-16,50.82,8.09
VEH0010,SHP01605,2026-01-28,877.14,114.71
VEH0043,SHP01606,2026-02-16,1323.38,199.39
VEH0098,SHP01607,2026-05-14,218.61,45.35
VEH0002,SHP01608,2026-05-12,912.91,165.87
VEH0019,SHP01609,2026-02-03,333.85,57.22
VEH0133,SHP01610,2026-05-31,1023.85,156.49
VEH0127,SHP01611,2026-03-13,945.27,192.55
VEH0030,SHP01612,2026-03-05,616.1,139.28
VEH0123,SHP01613,2026-05-28,1109.26,176.38
VEH0033,SHP01614,2026-04-30,1331.59,180.37
VEH0085,SHP01615,2026-04-11,202.44,26.55
VEH0057,SHP01616,2026-02-24,1405.81,183.78
VEH0139,SHP01617,2026-05-13,805.26,135.5
VEH0038,SHP01618,2026-05-12,1031.11,136.93
VEH0144,SHP01619,2026-05-12,579.97,88.26
VEH0140,SHP01620,2026-03-08,625.02,94.59
VEH0120,SHP01621,2026-04-12,1175.12,149.19
VEH0146,SHP01622,2026-01-03,1060.18,252.15
VEH0128,SHP01623,2026-05-31,985.32,167.54
VEH0077,SHP01624,2026-03-12,462.62,73.09
VEH0065,SHP01625,2026-03-21,503.32,74.72
VEH0012,SHP01626,2026-04-26,451.8,61.05
VEH0044,SHP01627,2026-04-20,634.34,83.22
VEH0088,SHP01628,2026-03-14,246.38,37.55
VEH0116,SHP01629,2026-04-01,998.58,192.37
VEH0101,SHP01630,2026-01-08,1490.6,335.99
VEH0064,SHP01631,2026-03-29,1408.19,203.07
VEH0054,SHP01632,2026-05-13,890.62,115.99
VEH0146,SHP01633,2026-01-14,527.62,81.09
VEH0147,SHP01634,2026-04-20,719.99,112.08
VEH0116,SHP01635,2026-05-10,577.62,77.84
VEH0128,SHP01636,2026-03-26,1146.68,149.16
VEH0142,SHP01637,2026-01-19,654.13,82.33
VEH0056,SHP01638,2026-03-20,598.7,98.07
VEH0054,SHP01639,2026-01-15,1031.93,173.28
VEH0026,SHP01640,2026-04-30,1494.31,226.12
VEH0050,SHP01641,2026-03-22,725.25,130.64
VEH0001,SHP01642,2026-05-06,1003.5,152.79
VEH0150,SHP01643,2026-02-10,786.4,161.42
VEH0129,SHP01644,2026-03-24,265.49,55.43
VEH0049,SHP01645,2026-04-15,459.66,92.95
VEH0034,SHP01646,2026-05-22,893.38,139.24
VEH0048,SHP01647,2026-02-27,532.89,75.44
VEH0036,SHP01648,2026-04-11,176.15,22.02
VEH0061,SHP01649,2026-03-22,506.84,109.36
VEH0031,SHP01650,2026-03-14,1056.82,154.42
VEH0014,SHP01651,2026-02-18,953.45,206.22
VEH0069,SHP01652,2026-05-04,252.5,55.96
VEH0085,SHP01653,2026-01-09,756.58,146.39
VEH0081,SHP01654,2026-04-05,898.48,131.33
VEH0011,SHP01655,2026-02-08,549.78,94.69
VEH0121,SHP01656,2026-03-06,103.28,18.3
VEH0080,SHP01657,2026-03-09,156.78,27.64
VEH0145,SHP01658,2026-03-12,1408.68,196.42
VEH0029,SHP01659,2026-02-10,1209.01,167.99
VEH0024,SHP01660,2026-02-07,206.27,32.98
VEH0004,SHP01661,2026-04-18,742.53,107.15
VEH0104,SHP01662,2026-01-27,521.15,90.63
VEH0039,SHP01663,2026-05-19,1363.88,291.71
VEH0007,SHP01664,2026-04-04,991.21,149.62
VEH0143,SHP01665,2026-04-01,609.99,118.83
VEH0066,SHP01666,2026-04-05,410.08,102.07
VEH0088,SHP01667,2026-05-29,586.09,80.89
VEH0105,SHP01668,2026-02-24,532.8,118.29
VEH0128,SHP01669,2026-05-08,1073.25,187.8
VEH0080,SHP01670,2026-02-25,756.57,122.9
VEH0105,SHP01671,2026-02-19,386.53,85.0
VEH0068,SHP01672,2026-04-16,886.01,138.39
VEH0063,SHP01673,2026-04-13,101.28,16.66
VEH0037,SHP01674,2026-04-19,870.07,126.4
VEH0048,SHP01675,2026-02-17,1340.2,214.39
VEH0096,SHP01676,2026-03-28,267.02,42.68
VEH0118,SHP01677,2026-01-10,1030.98,184.05
VEH0119,SHP01678,2026-01-07,675.92,87.17
VEH0088,SHP01679,2026-01-28,1380.65,323.45
VEH0150,SHP01680,2026-02-23,300.33,71.11
VEH0118,SHP01681,2026-04-22,416.63,64.63
VEH0030,SHP01682,2026-04-08,918.74,121.27
VEH0050,SHP01683,2026-03-02,314.37,73.19
VEH0019,SHP01684,2026-02-10,1144.62,157.41
VEH0038,SHP01685,2026-01-29,888.09,161.13
VEH0007,SHP01686,2026-05-03,53.54,10.01
VEH0107,SHP01687,2026-01-11,173.31,36.93
VEH0033,SHP01688,2026-02-07,1305.54,171.99
VEH0114,SHP01689,2026-03-13,790.82,119.65
VEH0081,SHP01690,2026-03-15,313.66,44.07
VEH0139,SHP01691,2026-05-18,949.64,179.29
VEH0141,SHP01692,2026-02-07,1339.25,187.12
VEH0041,SHP01693,2026-05-13,140.1,29.35
VEH0007,SHP01694,2026-01-21,1254.36,179.47
VEH0148,SHP01695,2026-05-22,1472.23,315.28
VEH0107,SHP01696,2026-04-18,126.87,24.57
VEH0036,SHP01697,2026-03-11,580.23,91.83
VEH0146,SHP01698,2026-04-17,762.05,188.04
VEH0110,SHP01699,2026-03-09,1236.79,169.71
VEH0066,SHP01700,2026-03-29,687.94,101.48
VEH0116,SHP01701,2026-05-21,306.48,52.44
VEH0127,SHP01702,2026-05-21,725.38,145.01
VEH0114,SHP01703,2026-01-01,1363.9,270.43
VEH0070,SHP01704,2026-04-17,1225.17,180.27
VEH0014,SHP01705,2026-04-22,511.22,87.05
VEH0132,SHP01706,2026-05-09,175.3,23.01
VEH0040,SHP01707,2026-05-20,929.66,118.97
VEH0016,SHP01708,2026-02-04,494.16,88.31
VEH0103,SHP01709,2026-01-19,793.34,99.72
VEH0066,SHP01710,2026-01-31,1075.79,153.17
VEH0051,SHP01711,2026-05-07,684.44,170.89
VEH0109,SHP01712,2026-01-09,158.07,26.07
VEH0102,SHP01713,2026-05-19,535.3,77.42
VEH0020,SHP01714,2026-04-13,797.2,111.04
VEH0148,SHP01715,2026-04-05,598.1,74.78
VEH0150,SHP01716,2026-05-15,972.17,212.39
VEH0045,SHP01717,2026-03-09,326.82,72.74
VEH0061,SHP01718,2026-04-06,243.63,36.15
VEH0103,SHP01719,2026-01-05,1024.76,201.72
VEH0143,SHP01720,2026-03-08,172.87,26.94
VEH0001,SHP01721,2026-01-31,856.44,140.65
VEH0103,SHP01722,2026-05-05,733.36,108.35
VEH0044,SHP01723,2026-01-11,1314.72,298.05
VEH0015,SHP01724,2026-05-01,745.33,113.01
VEH0058,SHP01725,2026-02-27,1249.16,295.11
VEH0096,SHP01726,2026-04-24,665.74,107.52
VEH0039,SHP01727,2026-03-17,915.8,157.57
VEH0084,SHP01728,2026-01-18,647.81,97.0
VEH0147,SHP01729,2026-01-01,182.81,23.72
VEH0028,SHP01730,2026-05-08,124.3,21.15
VEH0046,SHP01731,2026-01-04,855.14,156.95
VEH0074,SHP01732,2026-05-25,589.72,128.36
VEH0059,SHP01733,2026-02-14,736.66,109.23
VEH0045,SHP01734,2026-05-01,97.52,24.09
VEH0122,SHP01735,2026-03-10,578.49,89.03
VEH0086,SHP01736,2026-02-28,990.21,147.84
VEH0116,SHP01737,2026-03-21,1308.83,230.06
VEH0089,SHP01738,2026-02-08,418.89,59.5
VEH0067,SHP01739,2026-02-12,606.19,90.3
VEH0073,SHP01740,2026-01-29,131.43,30.33
VEH0113,SHP01741,2026-03-16,556.37,80.92
VEH0094,SHP01742,2026-01-24,107.06,14.92
VEH0062,SHP01743,2026-04-28,1355.66,169.85
VEH0059,SHP01744,2026-04-24,1409.28,177.64
VEH0102,SHP01745,2026-05-27,1194.65,166.27
VEH0115,SHP01746,2026-04-08,1168.6,173.21
VEH0097,SHP01747,2026-01-02,823.68,118.1
VEH0128,SHP01748,2026-01-23,1264.35,239.42
VEH0012,SHP01749,2026-04-03,1222.09,209.58
VEH0101,SHP01750,2026-05-13,805.4,124.65
VEH0009,SHP01751,2026-05-12,788.25,154.55
VEH0087,SHP01752,2026-05-09,134.55,17.2
VEH0012,SHP01753,2026-04-02,631.11,122.95
VEH0007,SHP01754,2026-05-25,694.1,137.12
VEH0054,SHP01755,2026-02-16,944.94,151.64
VEH0082,SHP01756,2026-02-07,424.73,60.17
VEH0028,SHP01757,2026-01-25,1462.32,210.51
VEH0015,SHP01758,2026-05-13,1356.98,311.08
VEH0019,SHP01759,2026-05-17,589.32,87.02
VEH0131,SHP01760,2026-05-22,412.91,61.54
VEH0057,SHP01761,2026-02-12,1019.05,147.53
VEH0148,SHP01762,2026-04-16,160.74,29.61
VEH0014,SHP01763,2026-04-27,220.79,33.13
VEH0071,SHP01764,2026-05-17,1098.66,229.16
VEH0040,SHP01765,2026-02-07,62.06,8.82
VEH0040,SHP01766,2026-03-30,1002.13,176.61
VEH0035,SHP01767,2026-01-03,943.49,121.07
VEH0140,SHP01768,2026-02-11,535.67,100.55
VEH0124,SHP01769,2026-05-21,1242.82,204.81
VEH0037,SHP01770,2026-01-17,1303.47,189.65
VEH0121,SHP01771,2026-03-07,1288.1,178.47
VEH0115,SHP01772,2026-03-20,932.83,151.45
VEH0150,SHP01773,2026-03-05,610.56,117.9
VEH0124,SHP01774,2026-05-21,1406.44,179.54
VEH0047,SHP01775,2026-01-21,1382.33,205.44
VEH0047,SHP01776,2026-05-08,430.26,99.73
VEH0070,SHP01777,2026-03-30,537.13,128.2
VEH0047,SHP01778,2026-04-19,1210.88,186.69
VEH0110,SHP01779,2026-05-09,696.72,89.66
VEH0139,SHP01780,2026-05-15,801.78,123.83
VEH0076,SHP01781,2026-03-13,718.49,122.14
VEH0116,SHP01782,2026-03-17,527.61,104.85
VEH0002,SHP01783,2026-01-30,1451.39,293.66
VEH0035,SHP01784,2026-05-29,1381.2,179.26
VEH0107,SHP01785,2026-01-01,1487.13,187.42
VEH0112,SHP01786,2026-02-16,1052.32,134.05
VEH0017,SHP01787,2026-05-29,1058.3,198.5
VEH0064,SHP01788,2026-05-13,352.75,64.05
VEH0072,SHP01789,2026-05-16,924.08,207.96
VEH0063,SHP01790,2026-04-19,465.2,89.83
VEH0105,SHP01791,2026-01-31,1092.21,163.59
VEH0093,SHP01792,2026-04-15,1385.63,323.77
VEH0034,SHP01793,2026-03-03,853.86,152.25
VEH0120,SHP01794,2026-01-08,1308.33,307.96
VEH0065,SHP01795,2026-05-13,1002.98,187.78
VEH0060,SHP01796,2026-01-27,93.87,17.83
VEH0034,SHP01797,2026-04-26,599.21,132.41
VEH0064,SHP01798,2026-01-14,971.72,186.94
VEH0046,SHP01799,2026-05-06,359.11,62.35
VEH0042,SHP01800,2026-03-14,147.74,26.12
VEH0091,SHP01801,2026-04-18,482.46,64.42
VEH0027,SHP01802,2026-02-03,322.68,75.92
VEH0004,SHP01803,2026-05-06,957.04,197.78
VEH0125,SHP01804,2026-05-19,839.57,176.97
VEH0102,SHP01805,2026-04-17,1149.53,274.35
VEH0077,SHP01806,2026-03-30,162.48,23.94
VEH0132,SHP01807,2026-04-13,952.75,157.67
VEH0084,SHP01808,2026-03-17,596.23,110.12
VEH0043,SHP01809,2026-05-22,165.86,21.48
VEH0036,SHP01810,2026-01-20,1036.96,220.44
VEH0134,SHP01811,2026-05-19,1410.31,184.13
VEH0081,SHP01812,2026-03-11,602.78,95.14
VEH0135,SHP01813,2026-03-21,615.66,80.07
VEH0041,SHP01814,2026-05-17,304.62,50.72
VEH0010,SHP01815,2026-03-26,1485.72,256.33
VEH0057,SHP01816,2026-02-12,273.47,55.02
VEH0118,SHP01817,2026-01-24,1231.01,199.79
VEH0043,SHP01818,2026-02-23,1199.37,170.89
VEH0054,SHP01819,2026-04-21,1131.4,147.47
VEH0076,SHP01820,2026-02-02,1419.74,233.06
VEH0124,SHP01821,2026-05-20,1192.09,154.46
VEH0139,SHP01822,2026-03-28,614.34,107.59
VEH0119,SHP01823,2026-04-07,319.92,69.91
VEH0039,SHP01824,2026-01-02,1473.26,213.84
VEH0115,SHP01825,2026-05-24,783.44,102.4
VEH0021,SHP01826,2026-01-02,378.42,74.57
VEH0059,SHP01827,2026-02-26,639.71,96.0
VEH0095,SHP01828,2026-05-03,435.64,66.68
VEH0045,SHP01829,2026-02-19,401.94,53.15
VEH0116,SHP01830,2026-05-08,1433.36,317.38
VEH0015,SHP01831,2026-03-07,984.26,139.25
VEH0092,SHP01832,2026-05-30,529.36,98.79
VEH0033,SHP01833,2026-04-29,731.23,172.31
VEH0033,SHP01834,2026-02-13,369.91,56.53
VEH0115,SHP01835,2026-01-06,848.59,116.83
VEH0066,SHP01836,2026-01-11,502.65,108.03
VEH0085,SHP01837,2026-03-29,1156.79,146.73
VEH0134,SHP01838,2026-02-27,539.74,70.71
VEH0118,SHP01839,2026-01-10,1472.6,205.01
VEH0123,SHP01840,2026-05-23,475.1,107.59
VEH0093,SHP01841,2026-05-30,829.28,106.08
VEH0074,SHP01842,2026-04-13,660.92,92.6
VEH0136,SHP01843,2026-04-11,1310.7,224.4
VEH0088,SHP01844,2026-04-08,1270.04,159.83
VEH0072,SHP01845,2026-05-12,932.65,179.77
VEH0111,SHP01846,2026-05-08,1023.24,134.79
VEH0046,SHP01847,2026-01-19,1131.86,234.39
VEH0140,SHP01848,2026-03-26,1449.02,311.47
VEH0113,SHP01849,2026-01-08,560.76,95.68
VEH0042,SHP01850,2026-03-03,65.32,8.83
VEH0081,SHP01851,2026-05-30,1032.22,204.52
VEH0072,SHP01852,2026-02-10,1268.44,189.04
VEH0106,SHP01853,2026-01-07,661.53,160.29
VEH0053,SHP01854,2026-01-16,972.46,152.46
VEH0013,SHP01855,2026-02-27,173.46,22.31
VEH0131,SHP01856,2026-01-08,1296.21,260.3
VEH0130,SHP01857,2026-05-08,1056.02,212.68
VEH0037,SHP01858,2026-05-20,182.12,25.88
VEH0141,SHP01859,2026-01-14,374.58,69.07
VEH0020,SHP01860,2026-01-10,514.68,68.17
VEH0030,SHP01861,2026-04-04,834.22,205.09
VEH0072,SHP01862,2026-02-20,1236.98,256.27
VEH0034,SHP01863,2026-04-26,522.81,89.62
VEH0118,SHP01864,2026-01-19,761.95,126.03
VEH0094,SHP01865,2026-04-21,1497.08,194.32
VEH0149,SHP01866,2026-03-17,1007.07,184.03
VEH0146,SHP01867,2026-03-29,562.51,94.09
VEH0095,SHP01868,2026-01-07,936.83,170.85
VEH0062,SHP01869,2026-04-10,1342.0,253.36
VEH0022,SHP01870,2026-04-24,244.31,35.72
VEH0074,SHP01871,2026-01-20,216.36,35.73
VEH0042,SHP01872,2026-03-22,860.77,132.49
VEH0094,SHP01873,2026-02-06,239.92,32.36
VEH0117,SHP01874,2026-05-16,1223.06,287.99
VEH0020,SHP01875,2026-04-11,985.59,164.2
VEH0018,SHP01876,2026-02-17,992.66,226.37
VEH0096,SHP01877,2026-05-06,184.17,25.13
VEH0039,SHP01878,2026-01-16,478.32,92.28
VEH0035,SHP01879,2026-05-02,1215.55,292.1
VEH0068,SHP01880,2026-04-29,964.48,136.61
VEH0141,SHP01881,2026-02-06,343.6,56.78
VEH0093,SHP01882,2026-03-03,485.27,114.81
VEH0044,SHP01883,2026-03-14,299.84,38.7
VEH0045,SHP01884,2026-05-30,1323.18,257.28
VEH0060,SHP01885,2026-03-16,340.4,48.0
VEH0006,SHP01886,2026-05-28,983.78,137.07
VEH0023,SHP01887,2026-05-22,413.25,87.85
VEH0043,SHP01888,2026-04-01,1356.71,249.08
VEH0146,SHP01889,2026-01-16,743.38,141.11
VEH0123,SHP01890,2026-03-06,1075.73,209.72
VEH0061,SHP01891,2026-02-09,178.38,24.77
VEH0023,SHP01892,2026-05-22,521.13,92.62
VEH0030,SHP01893,2026-02-22,1355.06,311.66
VEH0060,SHP01894,2026-03-09,1209.88,173.73
VEH0122,SHP01895,2026-01-18,1211.51,177.12
VEH0111,SHP01896,2026-02-15,343.09,53.58
VEH0107,SHP01897,2026-01-23,1344.12,235.39
VEH0033,SHP01898,2026-01-30,319.18,64.39
VEH0043,SHP01899,2026-01-23,1163.6,252.79
VEH0129,SHP01900,2026-01-22,1330.13,194.72
VEH0075,SHP01901,2026-03-20,1491.2,358.66
VEH0135,SHP01902,2026-01-13,862.7,185.49
VEH0018,SHP01903,2026-05-29,856.28,130.16
VEH0093,SHP01904,2026-02-10,600.78,106.36
VEH0028,SHP01905,2026-05-28,322.97,44.25
VEH0040,SHP01906,2026-01-18,1309.85,316.05
VEH0101,SHP01907,2026-05-24,1022.52,214.42
VEH0025,SHP01908,2026-04-24,1104.24,162.75
VEH0111,SHP01909,2026-04-13,1440.7,291.99
VEH0018,SHP01910,2026-05-04,759.13,95.29
VEH0056,SHP01911,2026-05-21,173.36,23.32
VEH0030,SHP01912,2026-05-10,1357.77,310.78
VEH0010,SHP01913,2026-03-24,1200.12,202.84
VEH0062,SHP01914,2026-02-22,1229.05,298.26
VEH0064,SHP01915,2026-03-11,1183.5,289.24
VEH0095,SHP01916,2026-04-21,1431.39,283.22
VEH0066,SHP01917,2026-05-13,90.33,15.12
VEH0015,SHP01918,2026-05-07,738.39,132.72
VEH0040,SHP01919,2026-04-02,707.98,101.07
VEH0039,SHP01920,2026-02-27,1075.86,162.71
VEH0054,SHP01921,2026-01-31,159.1,28.88
VEH0128,SHP01922,2026-05-09,621.84,84.71
VEH0015,SHP01923,2026-03-22,1105.73,252.95
VEH0113,SHP01924,2026-01-08,1167.29,172.67
VEH0147,SHP01925,2026-04-08,1433.45,203.65
VEH0109,SHP01926,2026-04-13,1296.58,268.83
VEH0089,SHP01927,2026-03-13,1310.99,320.47
VEH0102,SHP01928,2026-04-12,633.76,99.2
VEH0036,SHP01929,2026-03-05,1045.31,209.81
VEH0008,SHP01930,2026-05-07,366.39,62.69
VEH0134,SHP01931,2026-01-03,206.74,30.74
VEH0017,SHP01932,2026-03-12,1182.96,187.18
VEH0051,SHP01933,2026-03-05,1001.15,160.5
VEH0008,SHP01934,2026-04-14,314.78,60.62
VEH0126,SHP01935,2026-03-17,539.59,87.91
VEH0135,SHP01936,2026-05-22,463.71,68.36
VEH0044,SHP01937,2026-03-04,329.41,43.91
VEH0002,SHP01938,2026-05-28,728.77,113.89
VEH0084,SHP01939,2026-05-19,764.69,167.38
VEH0096,SHP01940,2026-05-21,1265.78,277.25
VEH0092,SHP01941,2026-03-22,1421.05,203.86
VEH0030,SHP01942,2026-05-28,1498.46,336.71
VEH0055,SHP01943,2026-03-21,1434.48,201.28
VEH0061,SHP01944,2026-04-20,803.1,172.33
VEH0053,SHP01945,2026-05-21,768.63,123.12
VEH0145,SHP01946,2026-02-19,1080.13,225.88
VEH0005,SHP01947,2026-01-09,260.79,52.56
VEH0066,SHP01948,2026-04-23,424.24,85.85
VEH0108,SHP01949,2026-03-12,577.93,110.19
VEH0069,SHP01950,2026-01-26,800.03,115.08
VEH0023,SHP01951,2026-02-03,619.7,103.9
VEH0118,SHP01952,2026-03-27,105.96,21.57
VEH0114,SHP01953,2026-05-04,550.55,117.77
VEH0092,SHP01954,2026-05-12,629.47,140.28
VEH0029,SHP01955,2026-03-10,487.77,80.6
VEH0113,SHP01956,2026-02-15,416.94,96.56
VEH0055,SHP01957,2026-04-08,838.87,122.88
VEH0138,SHP01958,2026-04-08,1342.87,312.97
VEH0008,SHP01959,2026-02-20,221.48,42.37
VEH0133,SHP01960,2026-02-12,1322.3,307.19
VEH0086,SHP01961,2026-03-29,629.52,90.02
VEH0098,SHP01962,2026-03-31,542.69,83.2
VEH0102,SHP01963,2026-05-09,1369.16,291.2
VEH0066,SHP01964,2026-03-01,1456.18,263.84
VEH0069,SHP01965,2026-01-07,774.76,177.78
VEH0070,SHP01966,2026-03-22,337.69,44.97
VEH0146,SHP01967,2026-04-01,457.17,85.42
VEH0008,SHP01968,2026-01-03,1028.12,143.76
VEH0023,SHP01969,2026-01-24,384.76,95.53
VEH0036,SHP01970,2026-02-08,921.41,162.95
VEH0057,SHP01971,2026-05-14,769.99,167.41
VEH0069,SHP01972,2026-02-02,595.79,93.85
VEH0114,SHP01973,2026-02-23,1051.18,159.11
VEH0137,SHP01974,2026-04-05,616.34,100.68
VEH0149,SHP01975,2026-03-25,1004.27,133.92
VEH0006,SHP01976,2026-05-30,1264.71,193.86
VEH0147,SHP01977,2026-01-22,330.83,80.35
VEH0093,SHP01978,2026-01-09,639.26,83.29
VEH0106,SHP01979,2026-03-08,838.21,195.91
VEH0005,SHP01980,2026-03-03,1291.39,184.1
VEH0065,SHP01981,2026-05-24,448.89,73.46
VEH0122,SHP01982,2026-04-29,444.41,59.36
VEH0045,SHP01983,2026-05-05,99.19,14.66
VEH0148,SHP01984,2026-03-27,1395.53,262.18
VEH0047,SHP01985,2026-04-01,1320.6,293.7
VEH0100,SHP01986,2026-04-20,419.87,65.07
VEH0022,SHP01987,2026-05-02,885.31,171.08
VEH0091,SHP01988,2026-04-22,1271.73,187.22
VEH0129,SHP01989,2026-01-02,239.12,44.52
VEH0018,SHP01990,2026-04-25,1452.48,326.47
VEH0149,SHP01991,2026-03-14,346.81,66.39
VEH0048,SHP01992,2026-03-01,1060.82,201.08
VEH0105,SHP01993,2026-02-24,503.91,112.73
VEH0109,SHP01994,2026-03-13,848.66,116.36
VEH0125,SHP01995,2026-01-24,1368.7,225.95
VEH0012,SHP01996,2026-01-14,1045.93,155.32
VEH0143,SHP01997,2026-01-27,181.22,44.73
VEH0073,SHP01998,2026-03-28,231.9,33.86
VEH0062,SHP01999,2026-01-11,700.28,89.69
VEH0145,SHP02000,2026-03-19,1291.83,172.34
