shipment_id,timestamp,latitude,longitude,speed_kmph
SHP00001,2026-03-13 00:00:00,32.8703,84.8518,48.9
SHP00001,2026-03-13 06:00:00,27.05026,89.1054,75.5
SHP00001,2026-03-13 12:00:00,21.38143,71.10751,53.2
SHP00005,2026-03-21 00:00:00,29.08436,69.81813,83.1
SHP00005,2026-03-21 06:00:00,26.85917,69.55591,38.0
SHP00005,2026-03-21 12:00:00,9.1805,75.73949,59.3
SHP00009,2026-04-14 00:00:00,13.76626,72.02987,52.8
SHP00009,2026-04-14 06:00:00,15.71602,89.35804,74.9
SHP00009,2026-04-14 12:00:00,26.93767,77.63271,56.7
SHP00013,2026-03-03 00:00:00,16.77227,88.20472,49.4
SHP00013,2026-03-03 06:00:00,9.57236,86.96497,88.5
SHP00013,2026-03-03 12:00:00,19.32096,84.3973,51.3
SHP00017,2026-05-31 00:00:00,22.2468,89.77398,89.8
SHP00017,2026-05-31 06:00:00,31.16589,88.48088,55.2
SHP00017,2026-05-31 12:00:00,22.22622,89.28881,42.3
SHP00021,2026-02-28 00:00:00,17.94825,89.59074,83.5
SHP00021,2026-02-28 06:00:00,33.19523,74.55414,84.1
SHP00021,2026-02-28 12:00:00,22.045,75.27866,23.7
SHP00025,2026-04-24 00:00:00,32.10231,83.50313,47.5
SHP00025,2026-04-24 06:00:00,19.67363,75.3824,25.6
SHP00025,2026-04-24 12:00:00,32.98394,71.50803,59.5
SHP00029,2026-01-03 00:00:00,23.44573,79.89853,43.3
SHP00029,2026-01-03 06:00:00,27.90715,70.35708,54.5
SHP00029,2026-01-03 12:00:00,26.19577,84.07364,66.6
SHP00033,2026-01-27 00:00:00,31.12656,70.19406,25.8
SHP00033,2026-01-27 06:00:00,10.60304,85.136,85.9
SHP00033,2026-01-27 12:00:00,10.46362,89.69816,21.3
SHP00037,2026-03-26 00:00:00,28.94147,83.49151,51.2
SHP00037,2026-03-26 06:00:00,18.11569,83.10823,32.4
SHP00037,2026-03-26 12:00:00,24.47999,76.9347,63.5
SHP00041,2026-03-01 00:00:00,16.1933,88.23818,38.8
SHP00041,2026-03-01 06:00:00,32.45292,83.01693,89.9
SHP00041,2026-03-01 12:00:00,31.21719,82.67095,32.8
SHP00045,2026-03-22 00:00:00,28.40827,87.80215,45.0
SHP00045,2026-03-22 06:00:00,33.01145,68.23266,80.2
SHP00045,2026-03-22 12:00:00,27.74821,83.39199,23.6
SHP00049,2026-03-23 00:00:00,10.88584,72.72117,70.4
SHP00049,2026-03-23 06:00:00,12.76041,87.32717,87.7
SHP00049,2026-03-23 12:00:00,25.02159,83.10066,38.2
SHP00053,2026-03-28 00:00:00,8.83176,74.21543,86.9
SHP00053,2026-03-28 06:00:00,20.80013,84.82967,69.3
SHP00053,2026-03-28 12:00:00,29.95765,78.2013,58.6
SHP00057,2026-04-01 00:00:00,26.41572,80.97752,45.6
SHP00057,2026-04-01 06:00:00,8.72931,73.07319,72.6
SHP00057,2026-04-01 12:00:00,9.70983,68.2139,47.5
SHP00061,2026-02-25 00:00:00,33.2157,85.00295,20.9
SHP00061,2026-02-25 06:00:00,25.94076,80.73752,20.2
SHP00061,2026-02-25 12:00:00,17.05345,88.62913,81.5
SHP00065,2026-04-20 00:00:00,9.18579,81.45464,88.1
SHP00065,2026-04-20 06:00:00,15.3895,69.58419,41.0
SHP00065,2026-04-20 12:00:00,23.9492,70.0635,35.5
SHP00069,2026-03-28 00:00:00,30.893,81.56519,32.2
SHP00069,2026-03-28 06:00:00,22.18153,75.61438,72.5
SHP00069,2026-03-28 12:00:00,31.64187,83.09254,43.8
SHP00073,2026-01-12 00:00:00,17.395,69.55456,24.2
SHP00073,2026-01-12 06:00:00,33.05761,80.52668,60.4
SHP00073,2026-01-12 12:00:00,24.74726,76.75124,50.0
SHP00077,2026-05-21 00:00:00,9.52854,80.02818,70.2
SHP00077,2026-05-21 06:00:00,20.41502,68.96995,68.7
SHP00077,2026-05-21 12:00:00,14.28253,78.5376,38.7
SHP00081,2026-02-02 00:00:00,26.63307,89.04117,66.4
SHP00081,2026-02-02 06:00:00,22.82718,74.35747,60.7
SHP00081,2026-02-02 12:00:00,33.04268,76.24931,35.8
SHP00085,2026-01-01 00:00:00,18.20839,78.08648,73.1
SHP00085,2026-01-01 06:00:00,30.00929,75.35183,20.6
SHP00085,2026-01-01 12:00:00,12.17768,75.65465,20.8
SHP00089,2026-05-07 00:00:00,13.52543,76.34862,37.9
SHP00089,2026-05-07 06:00:00,31.36994,72.04019,27.4
SHP00089,2026-05-07 12:00:00,21.96821,72.04295,24.3
SHP00093,2026-02-17 00:00:00,25.19878,80.59901,74.5
SHP00093,2026-02-17 06:00:00,13.68971,72.86909,43.2
SHP00093,2026-02-17 12:00:00,10.47647,68.33513,75.1
SHP00097,2026-05-27 00:00:00,9.03568,87.69066,49.5
SHP00097,2026-05-27 06:00:00,25.59594,75.83573,20.4
SHP00097,2026-05-27 12:00:00,27.87194,79.9023,83.9
SHP00101,2026-05-11 00:00:00,14.5852,68.30678,82.0
SHP00101,2026-05-11 06:00:00,11.03285,76.44857,51.1
SHP00101,2026-05-11 12:00:00,28.65904,81.55786,20.5
SHP00105,2026-03-27 00:00:00,32.89988,88.31765,52.0
SHP00105,2026-03-27 06:00:00,27.61016,89.91249,59.0
SHP00105,2026-03-27 12:00:00,33.53256,77.92525,80.0
SHP00109,2026-02-17 00:00:00,10.2809,81.05522,61.6
SHP00109,2026-02-17 06:00:00,19.01094,71.68472,23.2
SHP00109,2026-02-17 12:00:00,32.78453,73.28593,67.0
SHP00113,2026-02-15 00:00:00,28.73083,87.46437,29.9
SHP00113,2026-02-15 06:00:00,17.62114,79.45454,25.4
SHP00113,2026-02-15 12:00:00,20.01054,78.19408,21.7
SHP00117,2026-02-02 00:00:00,8.02853,77.78819,26.4
SHP00117,2026-02-02 06:00:00,16.95056,71.56626,70.0
SHP00117,2026-02-02 12:00:00,22.319,71.98052,50.2
SHP00121,2026-02-13 00:00:00,10.57334,85.49576,70.8
SHP00121,2026-02-13 06:00:00,12.44384,75.75658,83.7
SHP00121,2026-02-13 12:00:00,28.42759,79.48959,83.7
SHP00125,2026-01-02 00:00:00,25.84628,80.44195,50.4
SHP00125,2026-01-02 06:00:00,28.09287,79.06892,34.8
SHP00125,2026-01-02 12:00:00,17.65714,80.10524,25.7
SHP00129,2026-05-31 00:00:00,30.89884,80.51745,52.5
SHP00129,2026-05-31 06:00:00,33.29311,71.68455,68.4
SHP00129,2026-05-31 12:00:00,17.92471,79.36881,69.6
SHP00133,2026-03-28 00:00:00,31.84636,78.5325,73.6
SHP00133,2026-03-28 06:00:00,26.18347,86.87776,24.7
SHP00133,2026-03-28 12:00:00,33.45633,81.39044,30.8
SHP00137,2026-05-29 00:00:00,20.46939,71.79232,55.6
SHP00137,2026-05-29 06:00:00,16.62417,87.40549,80.6
SHP00137,2026-05-29 12:00:00,25.09127,89.89944,29.7
SHP00141,2026-05-03 00:00:00,12.22535,69.18744,58.6
SHP00141,2026-05-03 06:00:00,23.99109,79.8064,63.8
SHP00141,2026-05-03 12:00:00,29.80575,73.03005,66.4
SHP00145,2026-02-09 00:00:00,9.53815,69.95097,39.5
SHP00145,2026-02-09 06:00:00,33.67248,82.40634,71.2
SHP00145,2026-02-09 12:00:00,32.03842,86.92559,72.3
SHP00149,2026-01-17 00:00:00,18.95796,88.9767,45.2
SHP00149,2026-01-17 06:00:00,23.66353,72.31823,20.7
SHP00149,2026-01-17 12:00:00,11.28986,81.80066,20.9
SHP00153,2026-01-10 00:00:00,24.48514,89.53086,39.4
SHP00153,2026-01-10 06:00:00,26.57425,71.28389,79.7
SHP00153,2026-01-10 12:00:00,11.3952,77.65595,45.1
SHP00157,2026-02-02 00:00:00,26.08177,70.27118,46.1
SHP00157,2026-02-02 06:00:00,13.04305,87.76725,73.2
SHP00157,2026-02-02 12:00:00,21.08679,77.19443,82.0
SHP00161,2026-04-15 00:00:00,14.59011,72.33491,67.8
SHP00161,2026-04-15 06:00:00,29.44684,75.57756,75.5
SHP00161,2026-04-15 12:00:00,14.00104,86.21989,52.0
SHP00165,2026-04-02 00:00:00,18.34498,80.86037,62.8
SHP00165,2026-04-02 06:00:00,13.83037,84.89391,67.9
SHP00165,2026-04-02 12:00:00,24.94579,89.7947,26.3
SHP00169,2026-01-19 00:00:00,20.21159,76.31864,62.6
SHP00169,2026-01-19 06:00:00,30.37562,71.50067,72.4
SHP00169,2026-01-19 12:00:00,21.80303,70.6253,75.0
SHP00173,2026-03-09 00:00:00,14.44648,89.23794,57.9
SHP00173,2026-03-09 06:00:00,15.17355,81.64195,47.4
SHP00173,2026-03-09 12:00:00,11.92173,69.78552,80.8
SHP00177,2026-01-31 00:00:00,18.91479,68.30783,23.9
SHP00177,2026-01-31 06:00:00,18.55243,87.46556,87.8
SHP00177,2026-01-31 12:00:00,18.85979,89.33367,47.5
SHP00181,2026-01-11 00:00:00,17.96228,83.40938,85.1
SHP00181,2026-01-11 06:00:00,10.18693,79.26719,47.6
SHP00181,2026-01-11 12:00:00,17.40343,74.67033,40.1
SHP00185,2026-03-07 00:00:00,15.81308,68.79591,87.6
SHP00185,2026-03-07 06:00:00,18.17942,72.31964,41.4
SHP00185,2026-03-07 12:00:00,28.02547,83.78015,59.7
SHP00189,2026-03-30 00:00:00,8.22194,82.23891,46.4
SHP00189,2026-03-30 06:00:00,19.794,70.84847,31.8
SHP00189,2026-03-30 12:00:00,11.50193,87.40541,28.2
SHP00193,2026-03-17 00:00:00,33.18509,73.62598,75.0
SHP00193,2026-03-17 06:00:00,25.30208,88.23197,71.7
SHP00193,2026-03-17 12:00:00,32.4618,80.20572,42.4
SHP00197,2026-02-08 00:00:00,10.63671,79.32312,55.9
SHP00197,2026-02-08 06:00:00,31.04339,68.8644,71.4
SHP00197,2026-02-08 12:00:00,32.67773,81.07061,68.1
SHP00201,2026-01-26 00:00:00,27.23754,88.46671,30.3
SHP00201,2026-01-26 06:00:00,14.24265,74.84497,77.4
SHP00201,2026-01-26 12:00:00,10.20052,81.21727,67.8
SHP00205,2026-03-09 00:00:00,13.73568,80.31352,76.3
SHP00205,2026-03-09 06:00:00,31.0714,83.84364,87.4
SHP00205,2026-03-09 12:00:00,15.32507,78.14053,87.1
SHP00209,2026-04-04 00:00:00,25.33447,76.02275,36.5
SHP00209,2026-04-04 06:00:00,14.38359,88.88317,86.5
SHP00209,2026-04-04 12:00:00,8.9031,83.16954,25.4
SHP00213,2026-04-04 00:00:00,30.05683,79.63804,48.4
SHP00213,2026-04-04 06:00:00,17.72041,83.8129,45.9
SHP00213,2026-04-04 12:00:00,20.13952,84.01081,84.1
SHP00217,2026-05-25 00:00:00,25.55363,78.98635,75.7
SHP00217,2026-05-25 06:00:00,18.43579,83.66634,70.4
SHP00217,2026-05-25 12:00:00,33.74947,83.87841,86.0
SHP00221,2026-03-27 00:00:00,32.62173,75.93084,36.8
SHP00221,2026-03-27 06:00:00,17.63869,78.38814,80.0
SHP00221,2026-03-27 12:00:00,18.21871,88.48625,61.6
SHP00225,2026-05-09 00:00:00,17.94,85.75165,50.2
SHP00225,2026-05-09 06:00:00,31.55456,70.78241,32.4
SHP00225,2026-05-09 12:00:00,15.42432,68.48677,68.8
SHP00229,2026-01-03 00:00:00,22.88985,88.35645,85.6
SHP00229,2026-01-03 06:00:00,31.84369,74.73969,26.1
SHP00229,2026-01-03 12:00:00,16.88395,84.72919,61.7
SHP00233,2026-03-24 00:00:00,28.44971,76.16675,46.7
SHP00233,2026-03-24 06:00:00,15.85426,77.82705,27.9
SHP00233,2026-03-24 12:00:00,31.98859,68.29802,80.9
SHP00237,2026-03-12 00:00:00,11.55443,76.09474,70.2
SHP00237,2026-03-12 06:00:00,33.66978,73.84529,46.9
SHP00237,2026-03-12 12:00:00,32.26125,74.29013,89.8
SHP00241,2026-03-09 00:00:00,24.91729,80.83747,37.3
SHP00241,2026-03-09 06:00:00,31.32878,88.70109,77.2
SHP00241,2026-03-09 12:00:00,15.82593,74.96817,41.6
SHP00245,2026-01-15 00:00:00,19.77293,77.07828,66.0
SHP00245,2026-01-15 06:00:00,19.90534,70.2935,83.5
SHP00245,2026-01-15 12:00:00,31.49534,68.65973,65.2
SHP00249,2026-02-01 00:00:00,20.88774,79.67827,44.9
SHP00249,2026-02-01 06:00:00,12.34232,88.50227,25.6
SHP00249,2026-02-01 12:00:00,26.97713,77.82595,84.1
SHP00253,2026-05-23 00:00:00,15.30213,71.44121,45.4
SHP00253,2026-05-23 06:00:00,33.20599,74.14592,82.7
SHP00253,2026-05-23 12:00:00,19.25658,87.92856,75.8
SHP00257,2026-03-08 00:00:00,14.94354,82.96608,82.3
SHP00257,2026-03-08 06:00:00,20.94944,70.47343,33.6
SHP00257,2026-03-08 12:00:00,33.08671,87.13326,85.4
SHP00261,2026-01-07 00:00:00,25.97903,77.04029,43.9
SHP00261,2026-01-07 06:00:00,27.29127,71.24693,83.3
SHP00261,2026-01-07 12:00:00,20.03278,70.90525,50.1
SHP00265,2026-03-24 00:00:00,18.57518,72.28954,20.2
SHP00265,2026-03-24 06:00:00,15.24509,69.3628,77.9
SHP00265,2026-03-24 12:00:00,32.05001,81.8446,45.0
SHP00269,2026-02-09 00:00:00,29.15546,88.51344,24.4
SHP00269,2026-02-09 06:00:00,32.11686,76.08473,65.4
SHP00269,2026-02-09 12:00:00,25.11542,69.00387,21.8
SHP00273,2026-02-08 00:00:00,20.57997,83.01321,71.1
SHP00273,2026-02-08 06:00:00,9.70853,72.09879,52.4
SHP00273,2026-02-08 12:00:00,30.01373,72.28709,49.8
SHP00277,2026-03-19 00:00:00,13.89444,80.62061,75.4
SHP00277,2026-03-19 06:00:00,28.00022,72.78757,47.9
SHP00277,2026-03-19 12:00:00,28.9592,83.27081,54.6
SHP00281,2026-02-12 00:00:00,31.61926,72.36611,33.9
SHP00281,2026-02-12 06:00:00,24.18329,75.72342,30.8
SHP00281,2026-02-12 12:00:00,28.1647,71.87223,70.5
SHP00285,2026-02-17 00:00:00,22.96595,81.88569,53.9
SHP00285,2026-02-17 06:00:00,14.39941,70.81205,46.1
SHP00285,2026-02-17 12:00:00,23.99963,86.19943,80.2
SHP00289,2026-02-24 00:00:00,31.64816,71.26389,30.6
SHP00289,2026-02-24 06:00:00,26.02385,85.92299,35.9
SHP00289,2026-02-24 12:00:00,24.01466,87.65967,62.2
SHP00293,2026-02-14 00:00:00,8.03703,75.99899,53.2
SHP00293,2026-02-14 06:00:00,26.03081,87.67684,78.2
SHP00293,2026-02-14 12:00:00,28.32833,72.96104,35.9
SHP00297,2026-04-20 00:00:00,10.2648,75.70018,22.4
SHP00297,2026-04-20 06:00:00,18.3245,87.96276,58.6
SHP00297,2026-04-20 12:00:00,19.93698,79.25191,47.2
SHP00301,2026-05-08 00:00:00,28.48572,70.65745,55.4
SHP00301,2026-05-08 06:00:00,12.11827,86.77788,46.7
SHP00301,2026-05-08 12:00:00,10.56543,78.81063,30.9
SHP00305,2026-01-26 00:00:00,17.20974,86.59708,77.7
SHP00305,2026-01-26 06:00:00,22.39417,87.64487,59.1
SHP00305,2026-01-26 12:00:00,22.56574,89.16199,69.4
SHP00309,2026-05-07 00:00:00,25.32174,86.51992,50.4
SHP00309,2026-05-07 06:00:00,26.39374,73.76704,80.2
SHP00309,2026-05-07 12:00:00,28.26312,78.52648,42.7
SHP00313,2026-03-09 00:00:00,11.40663,72.61604,87.9
SHP00313,2026-03-09 06:00:00,13.63396,83.19874,30.7
SHP00313,2026-03-09 12:00:00,32.75939,88.23214,55.6
SHP00317,2026-01-28 00:00:00,27.61391,74.42481,89.8
SHP00317,2026-01-28 06:00:00,16.99876,89.78857,80.1
SHP00317,2026-01-28 12:00:00,22.71791,83.78181,66.6
SHP00321,2026-02-17 00:00:00,12.64459,89.08379,48.4
SHP00321,2026-02-17 06:00:00,17.8027,86.06316,63.3
SHP00321,2026-02-17 12:00:00,33.81951,72.6434,65.9
SHP00325,2026-04-10 00:00:00,14.29832,87.73595,75.3
SHP00325,2026-04-10 06:00:00,20.4485,85.57224,24.7
SHP00325,2026-04-10 12:00:00,24.84161,79.6946,39.0
SHP00329,2026-05-06 00:00:00,15.17027,86.20881,20.4
SHP00329,2026-05-06 06:00:00,25.39406,73.04053,59.1
SHP00329,2026-05-06 12:00:00,15.92715,70.68454,59.3
SHP00333,2026-02-08 00:00:00,8.35235,82.51981,35.4
SHP00333,2026-02-08 06:00:00,18.01954,76.82844,24.0
SHP00333,2026-02-08 12:00:00,28.39817,82.60734,36.0
SHP00337,2026-05-02 00:00:00,25.07813,76.49456,42.0
SHP00337,2026-05-02 06:00:00,15.19807,78.47517,45.3
SHP00337,2026-05-02 12:00:00,14.5371,69.59987,32.2
SHP00341,2026-01-18 00:00:00,17.57547,77.41862,70.4
SHP00341,2026-01-18 06:00:00,9.87254,80.45698,84.3
SHP00341,2026-01-18 12:00:00,16.89774,77.42183,21.2
SHP00345,2026-01-24 00:00:00,22.98203,76.27146,88.9
SHP00345,2026-01-24 06:00:00,23.3643,77.9189,54.8
SHP00345,2026-01-24 12:00:00,28.92619,69.32436,76.2
SHP00349,2026-02-05 00:00:00,8.47216,71.712,88.3
SHP00349,2026-02-05 06:00:00,25.33325,69.56465,80.7
SHP00349,2026-02-05 12:00:00,20.89939,70.99102,66.3
SHP00353,2026-02-08 00:00:00,15.99451,88.69762,60.0
SHP00353,2026-02-08 06:00:00,27.54934,77.45992,86.3
SHP00353,2026-02-08 12:00:00,18.49188,79.70357,65.3
SHP00357,2026-04-14 00:00:00,8.94473,89.0076,53.2
SHP00357,2026-04-14 06:00:00,9.92903,77.37997,82.5
SHP00357,2026-04-14 12:00:00,14.01443,85.55358,89.0
SHP00361,2026-02-17 00:00:00,11.42814,82.34475,67.2
SHP00361,2026-02-17 06:00:00,8.73628,89.10116,68.7
SHP00361,2026-02-17 12:00:00,33.0597,79.76483,53.3
SHP00365,2026-05-20 00:00:00,18.92927,73.21909,64.6
SHP00365,2026-05-20 06:00:00,13.40813,81.88123,60.0
SHP00365,2026-05-20 12:00:00,31.81192,83.24531,34.2
SHP00369,2026-01-24 00:00:00,24.3791,76.40909,41.6
SHP00369,2026-01-24 06:00:00,8.80281,79.27487,70.8
SHP00369,2026-01-24 12:00:00,23.03368,75.36717,36.3
SHP00373,2026-02-07 00:00:00,9.1877,70.66313,24.8
SHP00373,2026-02-07 06:00:00,29.89629,85.04111,54.0
SHP00373,2026-02-07 12:00:00,17.83153,89.85012,59.4
SHP00377,2026-04-27 00:00:00,28.78806,74.25003,20.5
SHP00377,2026-04-27 06:00:00,9.29848,71.08617,87.8
SHP00377,2026-04-27 12:00:00,20.07095,74.73575,58.1
SHP00381,2026-04-22 00:00:00,20.90671,74.55037,51.3
SHP00381,2026-04-22 06:00:00,19.70361,74.80921,85.9
SHP00381,2026-04-22 12:00:00,18.91453,72.42874,82.3
SHP00385,2026-04-20 00:00:00,25.95628,68.74304,80.1
SHP00385,2026-04-20 06:00:00,8.85868,76.94753,44.7
SHP00385,2026-04-20 12:00:00,26.17482,78.34571,22.6
SHP00389,2026-04-09 00:00:00,33.35134,80.43102,63.2
SHP00389,2026-04-09 06:00:00,33.03504,77.71035,27.7
SHP00389,2026-04-09 12:00:00,24.50973,82.30162,29.6
SHP00393,2026-04-08 00:00:00,13.79124,72.52955,68.6
SHP00393,2026-04-08 06:00:00,23.43268,83.81835,32.5
SHP00393,2026-04-08 12:00:00,17.09388,71.55326,31.3
SHP00397,2026-04-16 00:00:00,25.53495,77.38446,36.4
SHP00397,2026-04-16 06:00:00,10.03744,74.9083,40.3
SHP00397,2026-04-16 12:00:00,21.63753,86.69866,78.8
SHP00401,2026-03-27 00:00:00,23.90483,75.67098,39.7
SHP00401,2026-03-27 06:00:00,25.09394,73.4563,88.1
SHP00401,2026-03-27 12:00:00,27.5967,87.2425,85.9
SHP00405,2026-03-16 00:00:00,27.37856,74.76261,38.0
SHP00405,2026-03-16 06:00:00,9.89784,87.72713,62.8
SHP00405,2026-03-16 12:00:00,18.28357,88.41607,61.2
SHP00409,2026-03-04 00:00:00,29.67837,88.7845,38.1
SHP00409,2026-03-04 06:00:00,23.0363,74.27196,60.2
SHP00409,2026-03-04 12:00:00,15.01062,77.01819,21.2
SHP00413,2026-05-24 00:00:00,12.45477,72.93963,61.5
SHP00413,2026-05-24 06:00:00,21.01311,70.82268,70.6
SHP00413,2026-05-24 12:00:00,26.8122,72.80758,60.3
SHP00417,2026-05-17 00:00:00,24.70618,87.41141,60.8
SHP00417,2026-05-17 06:00:00,32.2777,70.1947,31.0
SHP00417,2026-05-17 12:00:00,33.15079,89.94954,73.2
SHP00421,2026-04-25 00:00:00,11.35631,83.20798,28.1
SHP00421,2026-04-25 06:00:00,20.44717,68.95374,42.9
SHP00421,2026-04-25 12:00:00,31.38018,79.40859,33.5
SHP00425,2026-04-16 00:00:00,17.63414,78.39759,61.0
SHP00425,2026-04-16 06:00:00,30.33773,70.76454,37.1
SHP00425,2026-04-16 12:00:00,9.11568,74.11903,50.3
SHP00429,2026-03-19 00:00:00,17.91904,69.40994,70.6
SHP00429,2026-03-19 06:00:00,13.8096,69.20137,21.9
SHP00429,2026-03-19 12:00:00,31.32821,87.24212,27.5
SHP00433,2026-01-30 00:00:00,13.30504,87.00304,43.3
SHP00433,2026-01-30 06:00:00,18.23054,75.83726,69.5
SHP00433,2026-01-30 12:00:00,18.18176,75.27688,43.6
SHP00437,2026-05-01 00:00:00,33.0599,80.2183,50.1
SHP00437,2026-05-01 06:00:00,28.96028,88.29935,62.7
SHP00437,2026-05-01 12:00:00,32.55393,73.74401,45.2
SHP00441,2026-03-18 00:00:00,12.91797,83.30679,47.8
SHP00441,2026-03-18 06:00:00,13.75347,69.59454,85.4
SHP00441,2026-03-18 12:00:00,22.31898,69.05727,34.3
SHP00445,2026-02-16 00:00:00,12.95284,76.96271,85.3
SHP00445,2026-02-16 06:00:00,27.2624,68.73668,37.4
SHP00445,2026-02-16 12:00:00,16.06071,74.44061,38.6
SHP00449,2026-02-23 00:00:00,25.05661,68.41176,36.2
SHP00449,2026-02-23 06:00:00,19.71982,80.7478,55.3
SHP00449,2026-02-23 12:00:00,26.02181,85.62192,47.7
SHP00453,2026-05-19 00:00:00,29.61107,68.71873,75.4
SHP00453,2026-05-19 06:00:00,33.70299,82.32475,69.8
SHP00453,2026-05-19 12:00:00,31.32685,80.51978,39.6
SHP00457,2026-05-30 00:00:00,32.94085,71.36579,76.3
SHP00457,2026-05-30 06:00:00,10.33144,82.57861,54.1
SHP00457,2026-05-30 12:00:00,31.12098,69.41705,38.4
SHP00461,2026-01-10 00:00:00,15.85455,86.51239,24.1
SHP00461,2026-01-10 06:00:00,13.9379,85.46666,78.4
SHP00461,2026-01-10 12:00:00,32.62848,71.59413,77.1
SHP00465,2026-03-13 00:00:00,18.97523,75.44349,51.4
SHP00465,2026-03-13 06:00:00,16.75613,87.18709,84.6
SHP00465,2026-03-13 12:00:00,12.14656,72.42292,56.4
SHP00469,2026-02-09 00:00:00,24.21382,73.14301,29.5
SHP00469,2026-02-09 06:00:00,11.49549,76.828,89.4
SHP00469,2026-02-09 12:00:00,13.60368,87.31192,36.1
SHP00473,2026-02-26 00:00:00,13.12898,76.98241,50.9
SHP00473,2026-02-26 06:00:00,27.08564,70.70283,83.1
SHP00473,2026-02-26 12:00:00,28.36614,76.0344,77.1
SHP00477,2026-04-23 00:00:00,30.25347,71.12388,53.5
SHP00477,2026-04-23 06:00:00,23.85899,84.51988,42.1
SHP00477,2026-04-23 12:00:00,31.36477,69.24664,39.5
SHP00481,2026-04-05 00:00:00,13.47584,69.72132,83.2
SHP00481,2026-04-05 06:00:00,31.66611,84.16375,58.9
SHP00481,2026-04-05 12:00:00,14.71619,78.728,36.4
SHP00485,2026-02-25 00:00:00,15.04218,88.1938,75.5
SHP00485,2026-02-25 06:00:00,9.21333,79.88404,52.1
SHP00485,2026-02-25 12:00:00,32.61025,85.59021,76.7
SHP00489,2026-01-05 00:00:00,10.36254,83.78939,87.0
SHP00489,2026-01-05 06:00:00,25.20985,70.91286,23.6
SHP00489,2026-01-05 12:00:00,17.7058,77.66563,81.5
SHP00493,2026-04-16 00:00:00,31.82359,73.69676,81.8
SHP00493,2026-04-16 06:00:00,20.02682,85.07613,27.1
SHP00493,2026-04-16 12:00:00,31.85095,82.12825,68.4
SHP00497,2026-03-24 00:00:00,29.44585,77.10624,63.6
SHP00497,2026-03-24 06:00:00,29.64252,88.58573,32.8
SHP00497,2026-03-24 12:00:00,14.85645,76.49898,64.8
SHP00501,2026-02-28 00:00:00,21.9574,88.25096,30.8
SHP00501,2026-02-28 06:00:00,25.61859,81.83629,43.8
SHP00501,2026-02-28 12:00:00,30.67746,69.40996,30.9
SHP00505,2026-01-11 00:00:00,28.86928,80.86853,68.2
SHP00505,2026-01-11 06:00:00,18.01721,84.68149,39.7
SHP00505,2026-01-11 12:00:00,14.62278,79.15693,71.8
SHP00509,2026-03-05 00:00:00,20.62216,81.79842,51.6
SHP00509,2026-03-05 06:00:00,28.00495,69.6788,33.0
SHP00509,2026-03-05 12:00:00,11.37976,69.89096,23.3
SHP00513,2026-05-16 00:00:00,19.90513,79.29728,36.5
SHP00513,2026-05-16 06:00:00,17.01305,83.14392,49.1
SHP00513,2026-05-16 12:00:00,31.87354,81.5122,66.9
SHP00517,2026-01-19 00:00:00,19.81478,69.08864,77.7
SHP00517,2026-01-19 06:00:00,15.57505,68.79318,64.0
SHP00517,2026-01-19 12:00:00,13.86392,71.32311,27.2
SHP00521,2026-03-06 00:00:00,26.05557,71.92046,42.3
SHP00521,2026-03-06 06:00:00,31.02949,84.815,54.6
SHP00521,2026-03-06 12:00:00,12.48925,71.12631,54.5
SHP00525,2026-04-10 00:00:00,27.4594,73.49501,59.0
SHP00525,2026-04-10 06:00:00,12.72649,68.47221,80.0
SHP00525,2026-04-10 12:00:00,11.89099,70.48571,32.3
SHP00529,2026-03-24 00:00:00,25.81258,73.73481,81.5
SHP00529,2026-03-24 06:00:00,17.945,89.07851,83.6
SHP00529,2026-03-24 12:00:00,27.24099,68.03317,57.8
SHP00533,2026-02-20 00:00:00,13.26127,74.37773,41.1
SHP00533,2026-02-20 06:00:00,30.80744,86.33731,41.3
SHP00533,2026-02-20 12:00:00,29.85606,78.98011,61.9
SHP00537,2026-03-26 00:00:00,8.30533,78.22175,76.3
SHP00537,2026-03-26 06:00:00,8.26843,76.2322,67.8
SHP00537,2026-03-26 12:00:00,27.91484,83.0558,25.0
SHP00541,2026-03-22 00:00:00,12.92613,83.00116,54.8
SHP00541,2026-03-22 06:00:00,24.22177,87.88302,47.8
SHP00541,2026-03-22 12:00:00,24.50118,72.60247,86.3
SHP00545,2026-03-23 00:00:00,18.76699,73.89616,51.7
SHP00545,2026-03-23 06:00:00,20.94821,75.01595,31.9
SHP00545,2026-03-23 12:00:00,31.71326,80.47925,21.2
SHP00549,2026-01-21 00:00:00,31.03138,75.68437,25.9
SHP00549,2026-01-21 06:00:00,29.04755,70.94407,65.8
SHP00549,2026-01-21 12:00:00,22.89032,88.40382,30.6
SHP00553,2026-03-15 00:00:00,11.04267,75.09677,80.5
SHP00553,2026-03-15 06:00:00,32.15236,77.03128,22.9
SHP00553,2026-03-15 12:00:00,23.37672,74.9477,66.5
SHP00557,2026-05-29 00:00:00,18.4578,77.58962,52.4
SHP00557,2026-05-29 06:00:00,26.72524,71.39173,48.6
SHP00557,2026-05-29 12:00:00,29.49337,83.89984,66.5
SHP00561,2026-02-16 00:00:00,9.11138,76.29363,43.5
SHP00561,2026-02-16 06:00:00,14.73943,79.31619,65.2
SHP00561,2026-02-16 12:00:00,22.33185,70.13611,34.3
SHP00565,2026-01-28 00:00:00,13.79892,79.84282,79.6
SHP00565,2026-01-28 06:00:00,9.13384,80.62573,79.6
SHP00565,2026-01-28 12:00:00,13.83569,86.82186,24.5
SHP00569,2026-01-22 00:00:00,12.59629,71.34048,86.5
SHP00569,2026-01-22 06:00:00,12.49529,69.67793,72.4
SHP00569,2026-01-22 12:00:00,21.29541,88.05732,27.9
SHP00573,2026-04-06 00:00:00,21.99649,87.13406,58.0
SHP00573,2026-04-06 06:00:00,21.93042,89.81155,40.9
SHP00573,2026-04-06 12:00:00,8.21934,84.79867,27.7
SHP00577,2026-03-25 00:00:00,14.81574,79.81914,47.3
SHP00577,2026-03-25 06:00:00,33.70937,84.50169,78.6
SHP00577,2026-03-25 12:00:00,25.5167,68.93677,47.2
SHP00581,2026-05-26 00:00:00,32.12978,88.14246,54.8
SHP00581,2026-05-26 06:00:00,24.5953,78.56971,78.2
SHP00581,2026-05-26 12:00:00,21.54031,85.07064,87.2
SHP00585,2026-04-13 00:00:00,15.32599,87.14476,72.4
SHP00585,2026-04-13 06:00:00,28.15184,70.61254,50.5
SHP00585,2026-04-13 12:00:00,11.36183,74.51627,32.6
SHP00589,2026-02-06 00:00:00,26.58633,77.59461,30.1
SHP00589,2026-02-06 06:00:00,9.9527,72.02648,41.4
SHP00589,2026-02-06 12:00:00,9.66306,74.25509,62.8
SHP00593,2026-05-17 00:00:00,13.64091,89.39677,39.7
SHP00593,2026-05-17 06:00:00,20.62554,79.24376,81.6
SHP00593,2026-05-17 12:00:00,28.08463,83.40039,27.8
SHP00597,2026-05-01 00:00:00,30.43022,77.8233,77.8
SHP00597,2026-05-01 06:00:00,18.56253,81.40703,88.4
SHP00597,2026-05-01 12:00:00,15.21981,83.1944,26.8
SHP00601,2026-02-11 00:00:00,21.35587,72.38157,71.5
SHP00601,2026-02-11 06:00:00,8.51746,72.82548,50.2
SHP00601,2026-02-11 12:00:00,18.65535,84.22501,72.2
SHP00605,2026-01-01 00:00:00,9.62209,75.65238,33.8
SHP00605,2026-01-01 06:00:00,12.19363,75.40653,58.1
SHP00605,2026-01-01 12:00:00,12.90235,70.11995,42.5
SHP00609,2026-01-12 00:00:00,16.49257,71.94813,37.1
SHP00609,2026-01-12 06:00:00,21.76596,73.16875,69.7
SHP00609,2026-01-12 12:00:00,32.31826,80.16932,31.3
SHP00613,2026-04-17 00:00:00,29.90373,81.55078,66.2
SHP00613,2026-04-17 06:00:00,22.67844,81.45222,24.2
SHP00613,2026-04-17 12:00:00,18.3508,83.34514,31.5
SHP00617,2026-04-28 00:00:00,27.66345,88.53837,80.0
SHP00617,2026-04-28 06:00:00,12.61007,80.22782,82.3
SHP00617,2026-04-28 12:00:00,30.93237,79.03524,82.5
SHP00621,2026-02-22 00:00:00,13.57674,78.64035,83.0
SHP00621,2026-02-22 06:00:00,10.16585,75.39689,28.0
SHP00621,2026-02-22 12:00:00,24.40875,79.93128,76.8
SHP00625,2026-04-14 00:00:00,12.60286,78.00727,37.3
SHP00625,2026-04-14 06:00:00,22.3559,89.23291,27.6
SHP00625,2026-04-14 12:00:00,33.30183,72.17718,66.5
SHP00629,2026-02-10 00:00:00,13.22925,72.96339,62.6
SHP00629,2026-02-10 06:00:00,10.57788,79.89241,55.6
SHP00629,2026-02-10 12:00:00,33.24123,75.68521,33.1
SHP00633,2026-01-17 00:00:00,21.73723,75.15807,85.7
SHP00633,2026-01-17 06:00:00,27.14336,83.40698,48.4
SHP00633,2026-01-17 12:00:00,31.28698,78.84618,26.6
SHP00637,2026-01-12 00:00:00,18.98479,81.84129,45.9
SHP00637,2026-01-12 06:00:00,23.13203,68.13803,82.9
SHP00637,2026-01-12 12:00:00,21.99388,70.20993,65.8
SHP00641,2026-03-10 00:00:00,14.43142,69.65133,28.9
SHP00641,2026-03-10 06:00:00,23.77417,89.04349,28.2
SHP00641,2026-03-10 12:00:00,31.87374,83.28546,44.7
SHP00645,2026-04-18 00:00:00,23.06844,79.7313,37.3
SHP00645,2026-04-18 06:00:00,26.01226,75.69876,54.8
SHP00645,2026-04-18 12:00:00,27.09503,68.366,70.1
SHP00649,2026-02-08 00:00:00,26.23888,76.29115,68.7
SHP00649,2026-02-08 06:00:00,29.37136,79.74506,73.5
SHP00649,2026-02-08 12:00:00,23.90252,75.78584,78.1
SHP00653,2026-02-05 00:00:00,16.41549,72.49108,63.2
SHP00653,2026-02-05 06:00:00,23.42259,87.6044,31.4
SHP00653,2026-02-05 12:00:00,16.47991,81.25157,67.0
SHP00657,2026-01-03 00:00:00,27.8639,84.23983,82.1
SHP00657,2026-01-03 06:00:00,23.06262,81.37225,51.2
SHP00657,2026-01-03 12:00:00,24.31244,71.13983,63.2
SHP00661,2026-04-19 00:00:00,23.34691,89.93435,24.4
SHP00661,2026-04-19 06:00:00,19.38469,81.61219,53.9
SHP00661,2026-04-19 12:00:00,22.62333,80.17141,61.7
SHP00665,2026-03-20 00:00:00,25.83604,78.95667,59.1
SHP00665,2026-03-20 06:00:00,25.82518,86.71338,39.9
SHP00665,2026-03-20 12:00:00,15.17079,88.97938,33.5
SHP00669,2026-05-10 00:00:00,30.02148,70.47598,52.3
SHP00669,2026-05-10 06:00:00,15.51336,78.08338,86.1
SHP00669,2026-05-10 12:00:00,16.92743,76.7707,60.7
SHP00673,2026-05-17 00:00:00,10.77726,76.37805,74.3
SHP00673,2026-05-17 06:00:00,21.87631,73.83486,42.1
SHP00673,2026-05-17 12:00:00,28.60072,71.66664,64.8
SHP00677,2026-04-11 00:00:00,30.7718,75.18667,32.0
SHP00677,2026-04-11 06:00:00,29.72805,89.70487,31.5
SHP00677,2026-04-11 12:00:00,11.62807,78.09098,47.8
SHP00681,2026-03-16 00:00:00,22.3748,87.8381,21.3
SHP00681,2026-03-16 06:00:00,22.15347,73.95231,78.3
SHP00681,2026-03-16 12:00:00,17.3228,70.29624,35.5
SHP00685,2026-05-23 00:00:00,30.80876,80.60896,33.3
SHP00685,2026-05-23 06:00:00,25.30886,68.90528,53.8
SHP00685,2026-05-23 12:00:00,25.33569,79.89886,36.6
SHP00689,2026-05-02 00:00:00,14.8097,86.80143,89.6
SHP00689,2026-05-02 06:00:00,22.38664,77.15187,80.6
SHP00689,2026-05-02 12:00:00,8.37879,88.36,51.3
SHP00693,2026-04-05 00:00:00,31.79516,69.03935,34.9
SHP00693,2026-04-05 06:00:00,25.67108,83.84448,73.2
SHP00693,2026-04-05 12:00:00,18.48572,81.02783,80.9
SHP00697,2026-04-02 00:00:00,24.77128,68.38032,87.8
SHP00697,2026-04-02 06:00:00,17.29335,74.44124,59.1
SHP00697,2026-04-02 12:00:00,27.94861,72.2148,50.7
SHP00701,2026-05-19 00:00:00,25.28913,87.73846,40.6
SHP00701,2026-05-19 06:00:00,19.66946,69.1393,73.3
SHP00701,2026-05-19 12:00:00,31.7635,88.06986,65.8
SHP00705,2026-05-16 00:00:00,20.27471,77.1178,65.0
SHP00705,2026-05-16 06:00:00,8.90791,70.48597,72.5
SHP00705,2026-05-16 12:00:00,19.1209,87.54822,28.6
SHP00709,2026-03-01 00:00:00,15.05597,74.50378,86.5
SHP00709,2026-03-01 06:00:00,14.55369,81.23197,85.7
SHP00709,2026-03-01 12:00:00,18.22826,74.03369,44.0
SHP00713,2026-04-19 00:00:00,22.52428,88.44076,77.3
SHP00713,2026-04-19 06:00:00,17.72986,74.61944,22.7
SHP00713,2026-04-19 12:00:00,11.68585,85.11861,28.2
SHP00717,2026-03-30 00:00:00,23.89333,77.59614,53.4
SHP00717,2026-03-30 06:00:00,16.20109,77.36034,32.5
SHP00717,2026-03-30 12:00:00,32.41246,71.9776,62.6
SHP00721,2026-03-26 00:00:00,14.13371,88.50114,65.3
SHP00721,2026-03-26 06:00:00,15.66728,85.44882,38.1
SHP00721,2026-03-26 12:00:00,15.98988,87.81686,41.3
SHP00725,2026-03-15 00:00:00,25.80309,75.16497,61.8
SHP00725,2026-03-15 06:00:00,23.62034,75.17767,26.7
SHP00725,2026-03-15 12:00:00,29.42633,73.09873,35.8
SHP00729,2026-01-02 00:00:00,20.71657,69.80038,29.6
SHP00729,2026-01-02 06:00:00,16.65844,75.64936,27.1
SHP00729,2026-01-02 12:00:00,26.23944,86.96076,61.7
SHP00733,2026-01-01 00:00:00,27.26658,76.6765,66.1
SHP00733,2026-01-01 06:00:00,32.60913,88.4714,24.8
SHP00733,2026-01-01 12:00:00,26.64541,78.39063,84.6
SHP00737,2026-02-06 00:00:00,24.46599,78.19292,31.0
SHP00737,2026-02-06 06:00:00,28.08242,79.79358,58.2
SHP00737,2026-02-06 12:00:00,14.4059,75.62311,42.5
SHP00741,2026-03-24 00:00:00,22.40774,71.76132,60.9
SHP00741,2026-03-24 06:00:00,15.93712,82.98789,44.2
SHP00741,2026-03-24 12:00:00,26.53287,74.87781,48.4
SHP00745,2026-05-09 00:00:00,16.51999,76.10135,25.9
SHP00745,2026-05-09 06:00:00,9.73056,75.39174,23.7
SHP00745,2026-05-09 12:00:00,30.14367,69.0376,41.6
SHP00749,2026-01-24 00:00:00,14.71649,77.99038,38.8
SHP00749,2026-01-24 06:00:00,13.98835,76.05467,35.0
SHP00749,2026-01-24 12:00:00,28.08181,74.54639,81.2
SHP00753,2026-03-17 00:00:00,10.91551,85.36836,52.3
SHP00753,2026-03-17 06:00:00,17.26659,74.60617,76.4
SHP00753,2026-03-17 12:00:00,22.84798,72.38765,40.3
SHP00757,2026-02-22 00:00:00,8.95282,73.0901,55.7
SHP00757,2026-02-22 06:00:00,8.78741,72.29519,57.1
SHP00757,2026-02-22 12:00:00,18.95342,87.22463,24.8
SHP00761,2026-02-21 00:00:00,14.23079,82.17481,84.3
SHP00761,2026-02-21 06:00:00,33.49048,77.39673,22.6
SHP00761,2026-02-21 12:00:00,20.33529,79.76885,32.3
SHP00765,2026-05-23 00:00:00,9.77625,85.47689,53.6
SHP00765,2026-05-23 06:00:00,20.35566,68.21214,77.9
SHP00765,2026-05-23 12:00:00,19.30467,74.95133,24.4
SHP00769,2026-02-16 00:00:00,11.17791,83.21321,48.6
SHP00769,2026-02-16 06:00:00,29.62504,72.67955,42.9
SHP00769,2026-02-16 12:00:00,13.88708,85.86769,74.9
SHP00773,2026-01-13 00:00:00,10.63971,80.41955,27.5
SHP00773,2026-01-13 06:00:00,19.04625,78.52406,40.5
SHP00773,2026-01-13 12:00:00,30.60327,78.92441,71.5
SHP00777,2026-04-24 00:00:00,27.29998,88.53734,61.5
SHP00777,2026-04-24 06:00:00,18.33475,88.50713,89.1
SHP00777,2026-04-24 12:00:00,13.83658,85.89992,29.6
SHP00781,2026-05-28 00:00:00,14.68077,76.27355,75.6
SHP00781,2026-05-28 06:00:00,14.81182,87.93277,23.7
SHP00781,2026-05-28 12:00:00,23.27609,80.88842,22.0
SHP00785,2026-01-10 00:00:00,10.9163,79.70985,58.8
SHP00785,2026-01-10 06:00:00,20.47195,80.70367,57.2
SHP00785,2026-01-10 12:00:00,14.08277,88.48472,69.6
SHP00789,2026-02-11 00:00:00,10.47519,69.86966,61.6
SHP00789,2026-02-11 06:00:00,25.25285,74.39121,40.1
SHP00789,2026-02-11 12:00:00,24.91433,76.57697,71.5
SHP00793,2026-05-12 00:00:00,28.18845,74.5459,72.6
SHP00793,2026-05-12 06:00:00,31.42454,82.73982,70.7
SHP00793,2026-05-12 12:00:00,23.15381,77.63689,59.3
SHP00797,2026-04-05 00:00:00,29.42102,87.57632,43.0
SHP00797,2026-04-05 06:00:00,26.45945,75.66765,56.4
SHP00797,2026-04-05 12:00:00,32.58164,84.32174,79.0
SHP00801,2026-01-14 00:00:00,12.6579,69.57206,72.2
SHP00801,2026-01-14 06:00:00,20.03178,79.85389,66.2
SHP00801,2026-01-14 12:00:00,25.22694,81.8864,25.2
SHP00805,2026-02-05 00:00:00,15.78023,79.88985,64.8
SHP00805,2026-02-05 06:00:00,31.5899,77.94077,25.7
SHP00805,2026-02-05 12:00:00,8.37411,75.21966,60.6
SHP00809,2026-03-18 00:00:00,31.81351,73.77923,43.0
SHP00809,2026-03-18 06:00:00,10.57092,73.84927,84.8
SHP00809,2026-03-18 12:00:00,19.06181,84.73209,31.2
SHP00813,2026-04-11 00:00:00,33.53311,70.30585,32.8
SHP00813,2026-04-11 06:00:00,13.65858,68.65307,57.0
SHP00813,2026-04-11 12:00:00,16.88469,77.55718,57.5
SHP00817,2026-01-21 00:00:00,23.03118,81.4146,89.0
SHP00817,2026-01-21 06:00:00,29.6916,69.7553,86.2
SHP00817,2026-01-21 12:00:00,16.75054,68.24984,77.5
SHP00821,2026-05-27 00:00:00,24.38715,71.67233,27.4
SHP00821,2026-05-27 06:00:00,20.16827,69.03387,42.1
SHP00821,2026-05-27 12:00:00,22.56712,77.35496,49.6
SHP00825,2026-02-23 00:00:00,13.74629,85.36501,26.3
SHP00825,2026-02-23 06:00:00,29.55553,74.88778,55.3
SHP00825,2026-02-23 12:00:00,27.52231,84.59997,52.5
SHP00829,2026-01-04 00:00:00,27.98886,82.71659,33.7
SHP00829,2026-01-04 06:00:00,25.5067,68.43945,72.1
SHP00829,2026-01-04 12:00:00,11.16837,73.30488,60.9
SHP00833,2026-01-03 00:00:00,14.46411,86.86828,28.8
SHP00833,2026-01-03 06:00:00,22.91114,78.43483,29.4
SHP00833,2026-01-03 12:00:00,30.51963,75.69036,37.0
SHP00837,2026-04-20 00:00:00,9.09883,69.29956,57.2
SHP00837,2026-04-20 06:00:00,29.48515,85.54722,79.9
SHP00837,2026-04-20 12:00:00,26.64665,68.93976,42.9
SHP00841,2026-02-04 00:00:00,15.78276,83.72194,34.5
SHP00841,2026-02-04 06:00:00,9.81165,75.55152,68.8
SHP00841,2026-02-04 12:00:00,28.46246,78.91617,46.5
SHP00845,2026-04-13 00:00:00,11.63638,77.67716,35.2
SHP00845,2026-04-13 06:00:00,17.06565,83.85374,48.1
SHP00845,2026-04-13 12:00:00,14.379,75.77106,75.9
SHP00849,2026-01-16 00:00:00,26.31218,81.78589,58.1
SHP00849,2026-01-16 06:00:00,33.36112,89.48459,78.9
SHP00849,2026-01-16 12:00:00,19.18525,76.0678,86.9
SHP00853,2026-04-26 00:00:00,25.30714,69.89086,43.4
SHP00853,2026-04-26 06:00:00,18.03168,76.26262,60.9
SHP00853,2026-04-26 12:00:00,22.7706,75.8555,75.3
SHP00857,2026-01-30 00:00:00,10.63281,74.3839,47.5
SHP00857,2026-01-30 06:00:00,25.64991,68.93692,29.4
SHP00857,2026-01-30 12:00:00,21.20951,73.27965,54.0
SHP00861,2026-04-27 00:00:00,8.7325,71.48497,61.6
SHP00861,2026-04-27 06:00:00,33.91598,82.30345,48.7
SHP00861,2026-04-27 12:00:00,16.921,73.48623,32.4
SHP00865,2026-01-22 00:00:00,17.82049,73.60752,24.8
SHP00865,2026-01-22 06:00:00,26.32468,77.06859,22.4
SHP00865,2026-01-22 12:00:00,10.72592,89.98187,52.3
SHP00869,2026-03-24 00:00:00,24.49976,72.50423,57.5
SHP00869,2026-03-24 06:00:00,29.27152,88.21901,48.7
SHP00869,2026-03-24 12:00:00,14.90563,89.45688,87.4
SHP00873,2026-01-10 00:00:00,12.91164,80.32476,20.1
SHP00873,2026-01-10 06:00:00,20.75079,72.70785,38.5
SHP00873,2026-01-10 12:00:00,20.65177,72.58767,29.4
SHP00877,2026-05-11 00:00:00,30.68142,73.79254,38.1
SHP00877,2026-05-11 06:00:00,15.03529,70.5533,72.8
SHP00877,2026-05-11 12:00:00,13.97784,74.97375,34.8
SHP00881,2026-01-06 00:00:00,22.95896,80.65292,23.1
SHP00881,2026-01-06 06:00:00,20.87772,73.72281,72.9
SHP00881,2026-01-06 12:00:00,31.85351,86.92588,63.9
SHP00885,2026-01-01 00:00:00,22.81136,71.80893,57.6
SHP00885,2026-01-01 06:00:00,30.3131,88.64666,55.6
SHP00885,2026-01-01 12:00:00,27.89678,87.16571,72.8
SHP00889,2026-03-31 00:00:00,10.90903,83.55206,78.2
SHP00889,2026-03-31 06:00:00,27.9399,79.82803,82.5
SHP00889,2026-03-31 12:00:00,11.5304,78.80112,51.7
SHP00893,2026-02-20 00:00:00,8.5531,89.29238,76.4
SHP00893,2026-02-20 06:00:00,32.95624,89.67262,75.2
SHP00893,2026-02-20 12:00:00,27.69653,86.46116,77.5
SHP00897,2026-01-09 00:00:00,13.28047,88.83644,61.3
SHP00897,2026-01-09 06:00:00,27.76017,87.82521,55.5
SHP00897,2026-01-09 12:00:00,13.34421,78.33765,65.6
SHP00901,2026-04-02 00:00:00,33.00682,72.89378,36.4
SHP00901,2026-04-02 06:00:00,18.52228,84.74158,51.5
SHP00901,2026-04-02 12:00:00,29.5644,70.07445,70.2
SHP00905,2026-01-04 00:00:00,24.18991,70.47978,86.6
SHP00905,2026-01-04 06:00:00,13.01804,86.1699,81.1
SHP00905,2026-01-04 12:00:00,33.20244,72.09837,28.9
SHP00909,2026-02-04 00:00:00,17.0657,85.32553,87.9
SHP00909,2026-02-04 06:00:00,32.01957,69.49204,79.3
SHP00909,2026-02-04 12:00:00,30.42127,73.11816,25.9
SHP00913,2026-01-09 00:00:00,26.82819,75.83419,52.3
SHP00913,2026-01-09 06:00:00,8.19039,84.67516,24.6
SHP00913,2026-01-09 12:00:00,9.47152,83.18311,68.3
SHP00917,2026-03-11 00:00:00,10.59232,72.73201,39.0
SHP00917,2026-03-11 06:00:00,33.9436,73.28436,58.6
SHP00917,2026-03-11 12:00:00,9.95737,81.67045,70.0
SHP00921,2026-03-21 00:00:00,10.56856,81.95442,30.1
SHP00921,2026-03-21 06:00:00,27.51697,79.9677,52.6
SHP00921,2026-03-21 12:00:00,23.27192,84.17833,53.2
SHP00925,2026-04-10 00:00:00,33.55705,87.0421,60.2
SHP00925,2026-04-10 06:00:00,13.32184,71.90403,25.5
SHP00925,2026-04-10 12:00:00,20.89623,74.56804,30.1
SHP00929,2026-03-16 00:00:00,8.36371,86.3124,68.6
SHP00929,2026-03-16 06:00:00,25.50967,71.79261,27.0
SHP00929,2026-03-16 12:00:00,21.8728,81.68085,22.5
SHP00933,2026-03-20 00:00:00,17.94687,77.49567,68.1
SHP00933,2026-03-20 06:00:00,13.59292,78.44761,30.5
SHP00933,2026-03-20 12:00:00,18.38326,83.27809,31.9
SHP00937,2026-02-08 00:00:00,28.25494,68.69955,43.5
SHP00937,2026-02-08 06:00:00,28.60298,76.60032,76.2
SHP00937,2026-02-08 12:00:00,26.75748,69.54173,45.2
SHP00941,2026-04-15 00:00:00,32.91934,80.83463,20.7
SHP00941,2026-04-15 06:00:00,20.086,81.30813,22.1
SHP00941,2026-04-15 12:00:00,10.49027,73.35469,43.3
SHP00945,2026-05-25 00:00:00,33.10812,68.57193,52.3
SHP00945,2026-05-25 06:00:00,23.99873,69.96846,72.7
SHP00945,2026-05-25 12:00:00,8.89979,77.93236,31.2
SHP00949,2026-01-28 00:00:00,13.30904,85.88593,59.6
SHP00949,2026-01-28 06:00:00,27.32435,78.39751,25.3
SHP00949,2026-01-28 12:00:00,18.13604,71.13577,28.4
SHP00953,2026-03-06 00:00:00,16.22155,88.28509,74.1
SHP00953,2026-03-06 06:00:00,27.33052,85.43164,89.9
SHP00953,2026-03-06 12:00:00,10.88494,71.67805,76.5
SHP00957,2026-01-18 00:00:00,20.32299,68.13835,38.0
SHP00957,2026-01-18 06:00:00,14.36684,69.18346,88.5
SHP00957,2026-01-18 12:00:00,29.45137,84.71068,40.5
SHP00961,2026-02-03 00:00:00,12.77535,71.17294,65.4
SHP00961,2026-02-03 06:00:00,8.40032,75.53107,35.0
SHP00961,2026-02-03 12:00:00,23.28054,84.61723,29.9
SHP00965,2026-01-05 00:00:00,23.16687,74.712,77.6
SHP00965,2026-01-05 06:00:00,28.74374,78.43813,32.6
SHP00965,2026-01-05 12:00:00,24.04263,72.58137,32.8
SHP00969,2026-04-01 00:00:00,16.21096,72.94228,29.1
SHP00969,2026-04-01 06:00:00,18.63336,82.334,62.2
SHP00969,2026-04-01 12:00:00,15.80281,80.25821,87.9
SHP00973,2026-02-04 00:00:00,15.02906,75.58882,68.4
SHP00973,2026-02-04 06:00:00,23.193,75.71662,46.8
SHP00973,2026-02-04 12:00:00,11.41674,70.33861,66.7
SHP00977,2026-03-23 00:00:00,32.83215,79.81453,84.6
SHP00977,2026-03-23 06:00:00,10.36389,85.71931,57.8
SHP00977,2026-03-23 12:00:00,18.51969,84.66386,40.0
SHP00981,2026-05-18 00:00:00,31.0073,73.61658,58.9
SHP00981,2026-05-18 06:00:00,28.57026,87.98262,56.0
SHP00981,2026-05-18 12:00:00,18.95383,72.70567,46.6
SHP00985,2026-01-16 00:00:00,31.60422,79.0044,38.8
SHP00985,2026-01-16 06:00:00,19.86085,68.51998,72.4
SHP00985,2026-01-16 12:00:00,19.39637,82.46168,88.3
SHP00989,2026-05-25 00:00:00,10.84792,68.71564,40.4
SHP00989,2026-05-25 06:00:00,30.00564,70.87385,50.6
SHP00989,2026-05-25 12:00:00,9.13391,76.88061,71.6
SHP00993,2026-05-16 00:00:00,32.26554,84.90777,86.0
SHP00993,2026-05-16 06:00:00,13.2416,81.37445,71.1
SHP00993,2026-05-16 12:00:00,11.3243,72.34237,42.8
SHP00997,2026-02-28 00:00:00,15.24366,73.91834,50.6
SHP00997,2026-02-28 06:00:00,19.67523,88.91285,55.3
SHP00997,2026-02-28 12:00:00,11.04898,80.62985,56.9
SHP01001,2026-03-23 00:00:00,15.13235,72.12482,70.0
SHP01001,2026-03-23 06:00:00,8.25294,69.4502,31.7
SHP01001,2026-03-23 12:00:00,27.33049,78.8167,85.7
SHP01005,2026-02-07 00:00:00,30.52172,75.90415,43.0
SHP01005,2026-02-07 06:00:00,30.84488,84.74997,20.1
SHP01005,2026-02-07 12:00:00,8.53615,80.06796,46.4
SHP01009,2026-03-16 00:00:00,27.33819,89.86941,51.7
SHP01009,2026-03-16 06:00:00,23.43734,81.4681,20.2
SHP01009,2026-03-16 12:00:00,21.5484,84.89859,59.8
SHP01013,2026-01-24 00:00:00,11.15427,70.62044,75.9
SHP01013,2026-01-24 06:00:00,8.60171,89.00879,79.5
SHP01013,2026-01-24 12:00:00,17.99656,84.56531,63.9
SHP01017,2026-03-02 00:00:00,11.61046,78.87839,85.4
SHP01017,2026-03-02 06:00:00,27.29628,80.80339,57.2
SHP01017,2026-03-02 12:00:00,28.10669,83.98863,71.8
SHP01021,2026-01-12 00:00:00,18.09332,79.91909,71.3
SHP01021,2026-01-12 06:00:00,15.80524,89.75782,86.6
SHP01021,2026-01-12 12:00:00,32.51287,87.06522,58.3
SHP01025,2026-05-03 00:00:00,33.99935,76.54717,22.8
SHP01025,2026-05-03 06:00:00,8.5995,81.12796,78.9
SHP01025,2026-05-03 12:00:00,23.32665,74.10126,35.3
SHP01029,2026-04-22 00:00:00,11.08726,70.12918,78.5
SHP01029,2026-04-22 06:00:00,32.7804,69.8146,26.7
SHP01029,2026-04-22 12:00:00,30.94189,75.0035,66.4
SHP01033,2026-05-23 00:00:00,24.78981,83.27466,43.1
SHP01033,2026-05-23 06:00:00,11.67956,80.61328,76.3
SHP01033,2026-05-23 12:00:00,11.90211,68.39976,64.5
SHP01037,2026-01-04 00:00:00,9.77875,72.47597,73.4
SHP01037,2026-01-04 06:00:00,15.22109,77.04455,51.3
SHP01037,2026-01-04 12:00:00,17.75161,80.64459,61.8
SHP01041,2026-03-14 00:00:00,23.13212,83.48918,80.4
SHP01041,2026-03-14 06:00:00,19.2305,71.26194,23.8
SHP01041,2026-03-14 12:00:00,9.52256,71.03486,81.7
SHP01045,2026-01-05 00:00:00,29.06295,83.53948,57.7
SHP01045,2026-01-05 06:00:00,10.38166,79.1539,84.4
SHP01045,2026-01-05 12:00:00,24.96807,79.29346,61.8
SHP01049,2026-03-15 00:00:00,33.1718,71.28442,82.3
SHP01049,2026-03-15 06:00:00,11.6592,79.67933,55.1
SHP01049,2026-03-15 12:00:00,9.82072,73.76576,42.7
SHP01053,2026-02-04 00:00:00,20.15679,85.37271,45.1
SHP01053,2026-02-04 06:00:00,33.24441,77.05489,31.2
SHP01053,2026-02-04 12:00:00,32.19436,75.5777,51.8
SHP01057,2026-01-03 00:00:00,15.66114,71.50835,26.6
SHP01057,2026-01-03 06:00:00,28.06133,88.90919,58.6
SHP01057,2026-01-03 12:00:00,16.6324,80.07695,68.1
SHP01061,2026-01-18 00:00:00,24.33689,85.29864,88.2
SHP01061,2026-01-18 06:00:00,16.99474,68.39378,66.6
SHP01061,2026-01-18 12:00:00,31.19861,70.51729,22.2
SHP01065,2026-04-29 00:00:00,23.64199,72.81939,38.5
SHP01065,2026-04-29 06:00:00,18.61836,69.18321,28.9
SHP01065,2026-04-29 12:00:00,14.29988,71.15313,26.1
SHP01069,2026-01-23 00:00:00,26.80856,84.40403,32.3
SHP01069,2026-01-23 06:00:00,33.57384,70.79735,71.5
SHP01069,2026-01-23 12:00:00,32.05599,77.39875,44.6
SHP01073,2026-02-02 00:00:00,8.76349,87.89789,86.3
SHP01073,2026-02-02 06:00:00,26.59858,68.25362,71.5
SHP01073,2026-02-02 12:00:00,19.31588,75.15225,86.9
SHP01077,2026-03-08 00:00:00,16.11347,83.95893,87.9
SHP01077,2026-03-08 06:00:00,15.942,71.9095,30.1
SHP01077,2026-03-08 12:00:00,19.43496,89.72667,79.6
SHP01081,2026-03-18 00:00:00,17.9533,89.26064,27.5
SHP01081,2026-03-18 06:00:00,10.29093,73.20515,45.6
SHP01081,2026-03-18 12:00:00,26.69864,85.56809,88.8
SHP01085,2026-03-21 00:00:00,20.78727,71.27582,36.4
SHP01085,2026-03-21 06:00:00,22.51669,77.28083,54.4
SHP01085,2026-03-21 12:00:00,18.65564,71.71969,85.8
SHP01089,2026-01-26 00:00:00,27.48578,70.77679,52.1
SHP01089,2026-01-26 06:00:00,32.77057,76.6733,89.1
SHP01089,2026-01-26 12:00:00,21.24409,86.64069,69.3
SHP01093,2026-04-10 00:00:00,32.30863,88.50141,74.8
SHP01093,2026-04-10 06:00:00,32.77029,86.83037,39.3
SHP01093,2026-04-10 12:00:00,9.9913,88.38515,81.6
SHP01097,2026-04-15 00:00:00,30.15983,77.72395,79.9
SHP01097,2026-04-15 06:00:00,15.00862,81.718,53.1
SHP01097,2026-04-15 12:00:00,29.5766,82.57261,60.5
SHP01101,2026-02-23 00:00:00,17.40175,68.80299,88.2
SHP01101,2026-02-23 06:00:00,10.83018,79.22572,55.0
SHP01101,2026-02-23 12:00:00,20.56769,74.62942,30.2
SHP01105,2026-03-02 00:00:00,16.14338,73.98126,34.7
SHP01105,2026-03-02 06:00:00,9.39484,83.97328,81.5
SHP01105,2026-03-02 12:00:00,27.6014,80.04904,86.3
SHP01109,2026-02-08 00:00:00,10.2589,85.39386,50.3
SHP01109,2026-02-08 06:00:00,14.57222,84.24161,44.9
SHP01109,2026-02-08 12:00:00,17.27985,80.64631,32.0
SHP01113,2026-04-13 00:00:00,25.15805,74.08107,39.8
SHP01113,2026-04-13 06:00:00,29.27737,84.86113,27.1
SHP01113,2026-04-13 12:00:00,26.46669,78.84727,33.7
SHP01117,2026-05-21 00:00:00,10.088,71.22854,37.4
SHP01117,2026-05-21 06:00:00,30.28654,77.43876,41.5
SHP01117,2026-05-21 12:00:00,16.77144,80.90871,40.1
SHP01121,2026-05-09 00:00:00,28.96358,83.92834,57.0
SHP01121,2026-05-09 06:00:00,15.20791,85.63016,57.6
SHP01121,2026-05-09 12:00:00,33.81988,76.91334,80.6
SHP01125,2026-01-05 00:00:00,17.03023,70.16347,27.1
SHP01125,2026-01-05 06:00:00,9.1373,70.00438,77.1
SHP01125,2026-01-05 12:00:00,17.64782,72.31361,72.5
SHP01129,2026-01-22 00:00:00,28.85583,72.10274,80.4
SHP01129,2026-01-22 06:00:00,11.08006,76.83187,41.8
SHP01129,2026-01-22 12:00:00,27.34333,79.61364,20.3
SHP01133,2026-03-03 00:00:00,20.91345,70.21056,71.1
SHP01133,2026-03-03 06:00:00,30.67967,76.47111,89.1
SHP01133,2026-03-03 12:00:00,13.26853,69.3746,68.9
SHP01137,2026-01-27 00:00:00,23.46154,80.11669,61.5
SHP01137,2026-01-27 06:00:00,23.71416,89.07526,25.6
SHP01137,2026-01-27 12:00:00,28.99728,68.71354,20.9
SHP01141,2026-03-18 00:00:00,31.89357,78.44657,28.2
SHP01141,2026-03-18 06:00:00,10.78038,83.17689,72.3
SHP01141,2026-03-18 12:00:00,23.33204,78.26596,65.7
SHP01145,2026-04-17 00:00:00,9.18527,84.48273,81.9
SHP01145,2026-04-17 06:00:00,27.69943,87.45033,30.9
SHP01145,2026-04-17 12:00:00,33.68007,75.80513,70.1
SHP01149,2026-01-14 00:00:00,26.76572,73.68415,60.7
SHP01149,2026-01-14 06:00:00,15.40728,89.52002,52.7
SHP01149,2026-01-14 12:00:00,21.62097,87.08139,84.5
SHP01153,2026-01-31 00:00:00,10.00307,89.0805,43.9
SHP01153,2026-01-31 06:00:00,16.78013,71.64427,28.4
SHP01153,2026-01-31 12:00:00,20.28625,71.66229,57.0
SHP01157,2026-04-24 00:00:00,21.58724,68.07619,29.6
SHP01157,2026-04-24 06:00:00,20.16753,84.72996,70.1
SHP01157,2026-04-24 12:00:00,20.16665,88.80086,27.4
SHP01161,2026-01-08 00:00:00,22.36565,79.26369,74.5
SHP01161,2026-01-08 06:00:00,20.21952,86.36537,29.1
SHP01161,2026-01-08 12:00:00,13.27287,81.10588,73.1
SHP01165,2026-04-09 00:00:00,14.53417,78.78902,28.4
SHP01165,2026-04-09 06:00:00,13.1471,75.45466,35.9
SHP01165,2026-04-09 12:00:00,19.63263,77.22296,80.4
SHP01169,2026-01-02 00:00:00,12.73359,74.30951,21.0
SHP01169,2026-01-02 06:00:00,26.79267,80.0789,74.9
SHP01169,2026-01-02 12:00:00,20.10357,89.34617,22.2
SHP01173,2026-02-13 00:00:00,24.93463,82.72085,40.5
SHP01173,2026-02-13 06:00:00,28.75847,70.96898,81.3
SHP01173,2026-02-13 12:00:00,33.06423,71.56992,77.7
SHP01177,2026-04-11 00:00:00,23.21208,85.36552,46.9
SHP01177,2026-04-11 06:00:00,25.39113,76.41339,44.7
SHP01177,2026-04-11 12:00:00,19.85322,76.76504,53.1
SHP01181,2026-04-10 00:00:00,28.82202,83.00929,45.0
SHP01181,2026-04-10 06:00:00,19.3602,83.18206,37.2
SHP01181,2026-04-10 12:00:00,30.09232,88.1166,45.5
SHP01185,2026-02-06 00:00:00,10.32551,69.20821,28.1
SHP01185,2026-02-06 06:00:00,18.57088,74.56022,30.2
SHP01185,2026-02-06 12:00:00,9.89019,78.56754,20.7
SHP01189,2026-02-20 00:00:00,17.46345,89.54295,86.8
SHP01189,2026-02-20 06:00:00,24.86822,84.87056,82.5
SHP01189,2026-02-20 12:00:00,12.07006,86.66776,69.2
SHP01193,2026-01-29 00:00:00,24.12007,87.04546,60.5
SHP01193,2026-01-29 06:00:00,15.50252,86.81615,55.2
SHP01193,2026-01-29 12:00:00,13.73016,68.22482,83.9
SHP01197,2026-04-19 00:00:00,23.61786,85.80877,77.0
SHP01197,2026-04-19 06:00:00,16.22621,73.02993,30.3
SHP01197,2026-04-19 12:00:00,17.57582,69.5679,53.3
SHP01201,2026-04-04 00:00:00,27.85492,83.71475,89.2
SHP01201,2026-04-04 06:00:00,26.15543,76.89416,75.6
SHP01201,2026-04-04 12:00:00,14.0083,87.09019,63.0
SHP01205,2026-03-26 00:00:00,14.04949,80.09891,26.5
SHP01205,2026-03-26 06:00:00,16.47214,86.04408,81.6
SHP01205,2026-03-26 12:00:00,15.17957,78.97072,38.2
SHP01209,2026-02-09 00:00:00,20.75518,86.04578,61.0
SHP01209,2026-02-09 06:00:00,19.03664,89.10144,42.4
SHP01209,2026-02-09 12:00:00,14.41633,75.41312,72.1
SHP01213,2026-01-29 00:00:00,11.55721,84.94943,83.4
SHP01213,2026-01-29 06:00:00,31.59779,75.24935,26.9
SHP01213,2026-01-29 12:00:00,14.08947,76.18655,59.4
SHP01217,2026-05-10 00:00:00,10.56002,75.97017,30.8
SHP01217,2026-05-10 06:00:00,30.20613,82.06882,73.4
SHP01217,2026-05-10 12:00:00,29.11455,78.16092,35.9
SHP01221,2026-04-09 00:00:00,8.49038,74.50399,40.5
SHP01221,2026-04-09 06:00:00,27.71784,86.53667,45.9
SHP01221,2026-04-09 12:00:00,15.28477,85.00961,52.8
SHP01225,2026-01-10 00:00:00,17.31068,77.71394,21.9
SHP01225,2026-01-10 06:00:00,13.29293,86.19202,52.5
SHP01225,2026-01-10 12:00:00,17.403,85.7212,72.8
SHP01229,2026-05-04 00:00:00,21.82052,82.10678,36.1
SHP01229,2026-05-04 06:00:00,25.27907,69.34643,26.8
SHP01229,2026-05-04 12:00:00,16.2693,89.5314,57.1
SHP01233,2026-02-17 00:00:00,31.10535,74.52315,25.1
SHP01233,2026-02-17 06:00:00,15.84457,86.62688,69.4
SHP01233,2026-02-17 12:00:00,25.46469,76.4331,31.3
SHP01237,2026-02-14 00:00:00,16.6406,84.95271,47.6
SHP01237,2026-02-14 06:00:00,21.73001,89.58783,82.5
SHP01237,2026-02-14 12:00:00,12.83435,79.35628,41.0
SHP01241,2026-01-12 00:00:00,19.66607,77.42944,29.5
SHP01241,2026-01-12 06:00:00,19.57831,87.6321,67.8
SHP01241,2026-01-12 12:00:00,11.73924,88.8031,80.2
SHP01245,2026-02-22 00:00:00,32.52006,72.58141,58.4
SHP01245,2026-02-22 06:00:00,31.94202,78.46954,68.4
SHP01245,2026-02-22 12:00:00,17.3115,70.75837,82.5
SHP01249,2026-04-21 00:00:00,26.77292,86.3897,62.5
SHP01249,2026-04-21 06:00:00,18.56736,82.78008,22.1
SHP01249,2026-04-21 12:00:00,14.8444,88.2075,56.6
SHP01253,2026-04-11 00:00:00,23.37437,73.14263,24.0
SHP01253,2026-04-11 06:00:00,16.69983,76.15136,36.5
SHP01253,2026-04-11 12:00:00,8.15669,85.34055,68.1
SHP01257,2026-02-07 00:00:00,20.3309,80.70963,72.0
SHP01257,2026-02-07 06:00:00,32.88182,75.20218,79.8
SHP01257,2026-02-07 12:00:00,19.15567,73.66219,20.6
SHP01261,2026-02-19 00:00:00,25.7271,84.23307,48.8
SHP01261,2026-02-19 06:00:00,9.5021,78.42118,61.7
SHP01261,2026-02-19 12:00:00,20.04771,83.63496,44.1
SHP01265,2026-02-10 00:00:00,19.34469,69.69344,69.3
SHP01265,2026-02-10 06:00:00,8.71815,86.28582,56.9
SHP01265,2026-02-10 12:00:00,11.82623,71.98041,34.7
SHP01269,2026-04-14 00:00:00,27.48906,70.86523,71.0
SHP01269,2026-04-14 06:00:00,12.68682,83.53566,32.3
SHP01269,2026-04-14 12:00:00,24.73009,78.6072,27.4
SHP01273,2026-01-20 00:00:00,29.73383,86.26291,65.6
SHP01273,2026-01-20 06:00:00,20.74249,81.34844,87.8
SHP01273,2026-01-20 12:00:00,10.77181,71.6164,74.6
SHP01277,2026-02-10 00:00:00,24.03649,79.9503,28.0
SHP01277,2026-02-10 06:00:00,14.97333,80.15472,60.4
SHP01277,2026-02-10 12:00:00,14.04991,76.24553,85.8
SHP01281,2026-04-19 00:00:00,32.8392,68.173,60.9
SHP01281,2026-04-19 06:00:00,28.96826,72.11797,82.9
SHP01281,2026-04-19 12:00:00,27.41881,89.88784,88.9
SHP01285,2026-05-21 00:00:00,8.36177,89.93145,82.3
SHP01285,2026-05-21 06:00:00,12.794,76.74545,54.7
SHP01285,2026-05-21 12:00:00,10.01324,77.29066,21.8
SHP01289,2026-01-19 00:00:00,19.715,87.43784,73.2
SHP01289,2026-01-19 06:00:00,31.96137,85.73692,25.6
SHP01289,2026-01-19 12:00:00,32.02012,77.80426,74.5
SHP01293,2026-03-29 00:00:00,25.81652,88.70997,40.4
SHP01293,2026-03-29 06:00:00,13.1554,72.06449,78.5
SHP01293,2026-03-29 12:00:00,12.77204,88.17005,46.4
SHP01297,2026-02-27 00:00:00,30.1731,86.98656,50.8
SHP01297,2026-02-27 06:00:00,22.64324,85.21543,50.3
SHP01297,2026-02-27 12:00:00,14.28332,80.21455,57.8
SHP01301,2026-05-25 00:00:00,8.84529,76.74937,85.1
SHP01301,2026-05-25 06:00:00,14.76285,71.43802,44.5
SHP01301,2026-05-25 12:00:00,26.94172,85.98772,58.5
SHP01305,2026-01-28 00:00:00,26.1709,72.81764,62.3
SHP01305,2026-01-28 06:00:00,11.30773,83.41572,89.4
SHP01305,2026-01-28 12:00:00,20.82466,79.9002,26.1
SHP01309,2026-05-27 00:00:00,11.0647,76.52757,44.4
SHP01309,2026-05-27 06:00:00,9.24171,89.44868,59.4
SHP01309,2026-05-27 12:00:00,19.16019,70.75965,50.1
SHP01313,2026-04-18 00:00:00,19.76662,82.2094,77.7
SHP01313,2026-04-18 06:00:00,19.79405,71.6565,65.1
SHP01313,2026-04-18 12:00:00,17.25334,72.519,54.2
SHP01317,2026-05-31 00:00:00,17.7145,77.95816,20.0
SHP01317,2026-05-31 06:00:00,30.33822,77.56668,77.1
SHP01317,2026-05-31 12:00:00,18.88609,78.89356,45.4
SHP01321,2026-04-16 00:00:00,30.00868,68.47741,23.1
SHP01321,2026-04-16 06:00:00,8.26597,83.72711,27.2
SHP01321,2026-04-16 12:00:00,32.95559,86.57773,61.7
SHP01325,2026-02-12 00:00:00,12.84044,69.7106,46.0
SHP01325,2026-02-12 06:00:00,29.45727,74.58445,77.0
SHP01325,2026-02-12 12:00:00,24.11211,74.14884,58.0
SHP01329,2026-01-09 00:00:00,23.20432,71.81376,31.0
SHP01329,2026-01-09 06:00:00,32.88508,73.43986,32.1
SHP01329,2026-01-09 12:00:00,32.89252,73.38293,24.7
SHP01333,2026-02-09 00:00:00,29.04927,87.9291,76.4
SHP01333,2026-02-09 06:00:00,16.94536,89.41536,27.9
SHP01333,2026-02-09 12:00:00,31.00314,72.97733,43.6
SHP01337,2026-03-26 00:00:00,28.70158,83.02491,22.3
SHP01337,2026-03-26 06:00:00,30.23822,80.7797,76.9
SHP01337,2026-03-26 12:00:00,29.02194,74.26642,74.8
SHP01341,2026-02-19 00:00:00,27.63138,73.40327,81.3
SHP01341,2026-02-19 06:00:00,15.65812,73.41838,84.3
SHP01341,2026-02-19 12:00:00,23.39448,70.90978,76.8
SHP01345,2026-01-07 00:00:00,17.01731,84.42566,57.7
SHP01345,2026-01-07 06:00:00,24.77285,70.69387,78.2
SHP01345,2026-01-07 12:00:00,28.50516,84.55849,26.3
SHP01349,2026-05-29 00:00:00,9.49584,85.16167,72.6
SHP01349,2026-05-29 06:00:00,18.21337,87.96882,62.8
SHP01349,2026-05-29 12:00:00,23.98449,88.93033,28.3
SHP01353,2026-03-04 00:00:00,33.1415,76.83275,25.3
SHP01353,2026-03-04 06:00:00,19.95443,80.93596,39.4
SHP01353,2026-03-04 12:00:00,9.70473,68.32752,32.8
SHP01357,2026-03-10 00:00:00,24.66385,80.45986,83.1
SHP01357,2026-03-10 06:00:00,16.88934,89.69164,26.8
SHP01357,2026-03-10 12:00:00,11.44342,76.70151,25.3
SHP01361,2026-02-28 00:00:00,10.59674,76.19229,70.6
SHP01361,2026-02-28 06:00:00,11.33083,77.31815,86.6
SHP01361,2026-02-28 12:00:00,20.30977,71.32518,79.7
SHP01365,2026-04-13 00:00:00,14.54874,70.26348,83.4
SHP01365,2026-04-13 06:00:00,26.23171,87.58784,49.8
SHP01365,2026-04-13 12:00:00,19.66279,84.86196,21.9
SHP01369,2026-05-27 00:00:00,23.42038,82.51658,81.6
SHP01369,2026-05-27 06:00:00,31.46203,74.93891,29.6
SHP01369,2026-05-27 12:00:00,9.58819,71.65674,27.4
SHP01373,2026-04-01 00:00:00,25.96816,86.92132,44.8
SHP01373,2026-04-01 06:00:00,16.26267,73.95993,70.4
SHP01373,2026-04-01 12:00:00,11.62892,80.80151,27.4
SHP01377,2026-03-02 00:00:00,25.32095,69.08613,79.6
SHP01377,2026-03-02 06:00:00,20.61298,81.00815,64.6
SHP01377,2026-03-02 12:00:00,14.78414,81.32022,28.9
SHP01381,2026-03-06 00:00:00,30.35921,71.37316,26.5
SHP01381,2026-03-06 06:00:00,22.17666,83.58031,37.8
SHP01381,2026-03-06 12:00:00,28.74527,75.06939,85.2
SHP01385,2026-01-29 00:00:00,23.35822,84.19098,87.8
SHP01385,2026-01-29 06:00:00,15.86529,79.94009,54.5
SHP01385,2026-01-29 12:00:00,19.21697,81.94904,78.1
SHP01389,2026-02-20 00:00:00,33.0027,87.37381,73.0
SHP01389,2026-02-20 06:00:00,23.3117,89.6959,50.1
SHP01389,2026-02-20 12:00:00,10.47715,87.19736,86.0
SHP01393,2026-02-12 00:00:00,16.84763,83.76106,66.6
SHP01393,2026-02-12 06:00:00,32.96091,74.04862,81.8
SHP01393,2026-02-12 12:00:00,16.67213,79.07604,74.9
SHP01397,2026-05-15 00:00:00,21.79052,86.24993,57.9
SHP01397,2026-05-15 06:00:00,33.28917,75.05406,50.6
SHP01397,2026-05-15 12:00:00,28.6371,70.96947,75.2
SHP01401,2026-01-05 00:00:00,27.23106,73.85476,53.8
SHP01401,2026-01-05 06:00:00,25.12002,85.13621,45.4
SHP01401,2026-01-05 12:00:00,32.02342,86.9698,64.6
SHP01405,2026-03-23 00:00:00,27.16496,69.76337,61.0
SHP01405,2026-03-23 06:00:00,12.3881,71.49853,32.8
SHP01405,2026-03-23 12:00:00,17.10944,84.6096,57.3
SHP01409,2026-04-01 00:00:00,26.96274,82.60114,64.5
SHP01409,2026-04-01 06:00:00,12.36807,87.42431,41.0
SHP01409,2026-04-01 12:00:00,12.47469,77.04616,61.2
SHP01413,2026-03-06 00:00:00,30.90111,82.21462,26.3
SHP01413,2026-03-06 06:00:00,32.58986,85.44422,37.2
SHP01413,2026-03-06 12:00:00,15.1117,74.32442,60.1
SHP01417,2026-01-03 00:00:00,28.48959,81.32066,65.9
SHP01417,2026-01-03 06:00:00,18.25489,86.29246,51.0
SHP01417,2026-01-03 12:00:00,11.49385,76.76704,38.4
SHP01421,2026-03-29 00:00:00,29.52881,69.15754,60.6
SHP01421,2026-03-29 06:00:00,19.18802,72.07245,53.4
SHP01421,2026-03-29 12:00:00,15.41105,68.86544,70.2
SHP01425,2026-01-20 00:00:00,9.29746,84.72568,60.2
SHP01425,2026-01-20 06:00:00,14.38587,84.78634,57.7
SHP01425,2026-01-20 12:00:00,12.61855,71.52709,78.5
SHP01429,2026-01-24 00:00:00,10.25793,81.0215,46.8
SHP01429,2026-01-24 06:00:00,8.15051,69.02909,87.6
SHP01429,2026-01-24 12:00:00,32.22587,71.15846,54.0
SHP01433,2026-01-10 00:00:00,16.32964,74.18171,27.8
SHP01433,2026-01-10 06:00:00,25.81227,77.19568,78.8
SHP01433,2026-01-10 12:00:00,20.32404,77.59038,29.1
SHP01437,2026-03-14 00:00:00,13.6781,79.56587,85.8
SHP01437,2026-03-14 06:00:00,8.26841,80.59374,36.0
SHP01437,2026-03-14 12:00:00,12.51007,73.97029,26.3
SHP01441,2026-04-19 00:00:00,25.1349,86.86257,67.1
SHP01441,2026-04-19 06:00:00,13.34524,87.08163,33.9
SHP01441,2026-04-19 12:00:00,18.66953,68.27348,85.6
SHP01445,2026-03-08 00:00:00,15.36097,70.04938,50.5
SHP01445,2026-03-08 06:00:00,11.56764,72.40109,26.9
SHP01445,2026-03-08 12:00:00,17.07312,87.79842,40.1
SHP01449,2026-02-20 00:00:00,19.95393,78.20628,66.1
SHP01449,2026-02-20 06:00:00,18.0974,75.96427,86.6
SHP01449,2026-02-20 12:00:00,31.25169,84.54514,49.5
SHP01453,2026-02-23 00:00:00,28.54102,81.29691,32.6
SHP01453,2026-02-23 06:00:00,33.34163,86.01337,81.6
SHP01453,2026-02-23 12:00:00,29.03015,78.41439,80.1
SHP01457,2026-01-26 00:00:00,21.30152,77.71037,89.9
SHP01457,2026-01-26 06:00:00,29.73323,78.87711,63.1
SHP01457,2026-01-26 12:00:00,12.90843,74.59515,32.8
SHP01461,2026-02-13 00:00:00,15.46281,72.82224,41.5
SHP01461,2026-02-13 06:00:00,28.05889,69.71093,54.7
SHP01461,2026-02-13 12:00:00,13.69463,75.59771,74.7
SHP01465,2026-02-20 00:00:00,21.02556,76.55187,37.9
SHP01465,2026-02-20 06:00:00,22.82709,89.94353,31.6
SHP01465,2026-02-20 12:00:00,30.72781,84.99964,45.9
SHP01469,2026-02-27 00:00:00,17.84101,84.74343,49.3
SHP01469,2026-02-27 06:00:00,22.76332,74.17923,52.7
SHP01469,2026-02-27 12:00:00,13.14436,77.54522,69.4
SHP01473,2026-01-17 00:00:00,24.97376,89.54356,20.2
SHP01473,2026-01-17 06:00:00,16.81149,79.01892,43.6
SHP01473,2026-01-17 12:00:00,31.02655,78.59759,86.1
SHP01477,2026-02-14 00:00:00,10.37563,83.97449,36.4
SHP01477,2026-02-14 06:00:00,28.28598,81.27493,78.5
SHP01477,2026-02-14 12:00:00,8.84504,85.18228,53.4
SHP01481,2026-01-20 00:00:00,14.80811,77.4015,41.3
SHP01481,2026-01-20 06:00:00,30.00718,81.972,71.6
SHP01481,2026-01-20 12:00:00,15.6336,78.02344,86.9
SHP01485,2026-05-14 00:00:00,14.81002,72.67013,23.6
SHP01485,2026-05-14 06:00:00,26.92128,69.8118,72.7
SHP01485,2026-05-14 12:00:00,29.92428,89.18641,44.6
SHP01489,2026-04-17 00:00:00,14.66659,77.11006,52.7
SHP01489,2026-04-17 06:00:00,25.66535,76.52939,36.4
SHP01489,2026-04-17 12:00:00,22.38977,85.80097,87.5
SHP01493,2026-01-18 00:00:00,17.56132,74.53256,68.6
SHP01493,2026-01-18 06:00:00,21.50615,85.96248,72.3
SHP01493,2026-01-18 12:00:00,22.85259,88.64441,30.4
SHP01497,2026-05-02 00:00:00,32.03707,71.67262,79.0
SHP01497,2026-05-02 06:00:00,8.28842,79.37451,43.4
SHP01497,2026-05-02 12:00:00,26.13511,82.29587,78.6
SHP01501,2026-04-09 00:00:00,8.53128,89.47845,45.4
SHP01501,2026-04-09 06:00:00,27.57537,77.4249,43.6
SHP01501,2026-04-09 12:00:00,8.94913,83.52953,51.1
SHP01505,2026-04-19 00:00:00,23.39564,73.40424,21.9
SHP01505,2026-04-19 06:00:00,20.55922,77.6807,34.8
SHP01505,2026-04-19 12:00:00,29.25301,78.36207,75.4
SHP01509,2026-01-31 00:00:00,22.24783,70.98407,71.4
SHP01509,2026-01-31 06:00:00,18.93637,87.53276,53.3
SHP01509,2026-01-31 12:00:00,22.94054,74.1866,25.7
SHP01513,2026-01-05 00:00:00,28.04853,77.94668,65.3
SHP01513,2026-01-05 06:00:00,19.20361,72.79666,73.2
SHP01513,2026-01-05 12:00:00,25.58257,85.78344,23.3
SHP01517,2026-05-01 00:00:00,27.53718,80.5981,34.3
SHP01517,2026-05-01 06:00:00,25.67317,71.72152,56.1
SHP01517,2026-05-01 12:00:00,24.06585,86.65198,72.9
SHP01521,2026-04-13 00:00:00,8.62583,86.56436,75.9
SHP01521,2026-04-13 06:00:00,24.57969,86.65953,79.1
SHP01521,2026-04-13 12:00:00,24.55682,80.56204,29.7
SHP01525,2026-01-31 00:00:00,26.0562,69.29102,65.4
SHP01525,2026-01-31 06:00:00,22.5869,84.82987,73.5
SHP01525,2026-01-31 12:00:00,22.17169,76.8324,70.6
SHP01529,2026-01-08 00:00:00,18.58551,72.53052,78.7
SHP01529,2026-01-08 06:00:00,27.82595,76.84882,31.4
SHP01529,2026-01-08 12:00:00,32.20425,82.87565,81.6
SHP01533,2026-05-02 00:00:00,12.9831,85.81086,60.7
SHP01533,2026-05-02 06:00:00,27.93518,79.19734,63.1
SHP01533,2026-05-02 12:00:00,25.4955,80.46631,57.6
SHP01537,2026-02-10 00:00:00,20.75399,80.36075,49.3
SHP01537,2026-02-10 06:00:00,16.39431,87.43852,34.3
SHP01537,2026-02-10 12:00:00,28.91135,78.20031,52.0
SHP01541,2026-01-02 00:00:00,21.88123,86.09189,41.6
SHP01541,2026-01-02 06:00:00,14.82278,76.91495,40.4
SHP01541,2026-01-02 12:00:00,8.78538,83.79519,61.4
SHP01545,2026-03-02 00:00:00,33.28438,69.91616,74.0
SHP01545,2026-03-02 06:00:00,32.89867,74.65471,89.3
SHP01545,2026-03-02 12:00:00,23.63911,68.42411,39.8
SHP01549,2026-05-25 00:00:00,23.87289,77.20803,21.9
SHP01549,2026-05-25 06:00:00,17.88992,71.95191,63.2
SHP01549,2026-05-25 12:00:00,29.30768,77.66216,20.1
SHP01553,2026-03-08 00:00:00,33.90209,79.67104,87.1
SHP01553,2026-03-08 06:00:00,15.06041,80.35105,55.9
SHP01553,2026-03-08 12:00:00,28.17012,82.49116,37.2
SHP01557,2026-01-14 00:00:00,26.13174,85.22182,68.6
SHP01557,2026-01-14 06:00:00,29.37268,69.65758,70.7
SHP01557,2026-01-14 12:00:00,10.9028,78.37247,80.2
SHP01561,2026-01-02 00:00:00,18.04548,76.29191,64.9
SHP01561,2026-01-02 06:00:00,25.24642,82.91162,44.1
SHP01561,2026-01-02 12:00:00,24.7752,80.75776,72.9
SHP01565,2026-01-14 00:00:00,10.67686,82.31081,37.7
SHP01565,2026-01-14 06:00:00,28.08237,88.26218,66.1
SHP01565,2026-01-14 12:00:00,31.43257,82.38908,26.5
SHP01569,2026-01-01 00:00:00,13.19254,77.8729,23.2
SHP01569,2026-01-01 06:00:00,20.3748,88.61215,88.4
SHP01569,2026-01-01 12:00:00,18.71892,74.56356,51.2
SHP01573,2026-01-13 00:00:00,13.29326,79.2899,57.8
SHP01573,2026-01-13 06:00:00,21.45712,87.76159,87.3
SHP01573,2026-01-13 12:00:00,9.70534,71.50535,30.5
SHP01577,2026-02-12 00:00:00,23.6166,77.12162,32.2
SHP01577,2026-02-12 06:00:00,30.62309,74.51161,40.9
SHP01577,2026-02-12 12:00:00,21.69101,84.54985,22.1
SHP01581,2026-01-05 00:00:00,19.89873,79.35948,66.2
SHP01581,2026-01-05 06:00:00,33.11446,88.93101,32.9
SHP01581,2026-01-05 12:00:00,24.81799,81.88961,26.2
SHP01585,2026-04-18 00:00:00,22.03576,77.30561,61.5
SHP01585,2026-04-18 06:00:00,10.92067,81.1965,82.6
SHP01585,2026-04-18 12:00:00,30.32307,71.77279,53.1
SHP01589,2026-04-11 00:00:00,11.44322,80.26432,57.1
SHP01589,2026-04-11 06:00:00,29.85747,73.28237,28.4
SHP01589,2026-04-11 12:00:00,9.47728,84.66302,32.3
SHP01593,2026-04-18 00:00:00,13.06008,87.82981,38.5
SHP01593,2026-04-18 06:00:00,15.00241,75.1734,61.6
SHP01593,2026-04-18 12:00:00,24.38557,72.04537,37.7
SHP01597,2026-05-14 00:00:00,25.69214,87.25099,83.0
SHP01597,2026-05-14 06:00:00,10.1118,68.24094,72.2
SHP01597,2026-05-14 12:00:00,29.07317,88.46982,30.0
SHP01601,2026-02-11 00:00:00,25.09837,76.22657,48.5
SHP01601,2026-02-11 06:00:00,8.48275,69.98055,84.8
SHP01601,2026-02-11 12:00:00,32.87743,78.08765,37.4
SHP01605,2026-02-16 00:00:00,22.33431,73.85772,51.6
SHP01605,2026-02-16 06:00:00,29.39587,88.39059,24.1
SHP01605,2026-02-16 12:00:00,23.86117,82.27855,51.4
SHP01609,2026-02-03 00:00:00,31.87556,74.46017,46.3
SHP01609,2026-02-03 06:00:00,11.4569,84.82681,68.3
SHP01609,2026-02-03 12:00:00,9.09274,75.80692,68.9
SHP01613,2026-04-19 00:00:00,14.6519,84.58578,69.0
SHP01613,2026-04-19 06:00:00,29.19397,85.375,74.5
SHP01613,2026-04-19 12:00:00,15.23792,68.3579,37.0
SHP01617,2026-04-13 00:00:00,29.5038,73.9835,81.4
SHP01617,2026-04-13 06:00:00,21.26054,71.23114,44.7
SHP01617,2026-04-13 12:00:00,26.63809,77.93893,54.9
SHP01621,2026-05-13 00:00:00,17.60541,88.65954,48.0
SHP01621,2026-05-13 06:00:00,11.95902,72.34688,28.9
SHP01621,2026-05-13 12:00:00,19.12508,76.38551,76.5
SHP01625,2026-05-16 00:00:00,18.60157,80.87676,29.1
SHP01625,2026-05-16 06:00:00,23.1184,80.47285,53.9
SHP01625,2026-05-16 12:00:00,31.69565,87.52424,83.4
SHP01629,2026-02-04 00:00:00,27.46086,88.92895,33.0
SHP01629,2026-02-04 06:00:00,21.63531,72.05942,87.3
SHP01629,2026-02-04 12:00:00,22.65556,70.83384,46.9
SHP01633,2026-04-12 00:00:00,9.88946,77.98151,85.2
SHP01633,2026-04-12 06:00:00,23.16858,71.89226,82.5
SHP01633,2026-04-12 12:00:00,17.80084,89.67587,83.6
SHP01637,2026-02-09 00:00:00,23.28768,84.21921,75.4
SHP01637,2026-02-09 06:00:00,27.08442,73.45486,42.4
SHP01637,2026-02-09 12:00:00,22.374,78.5041,88.1
SHP01641,2026-05-23 00:00:00,21.38396,83.62254,51.6
SHP01641,2026-05-23 06:00:00,12.86957,88.16002,50.4
SHP01641,2026-05-23 12:00:00,15.8288,73.4353,56.8
SHP01645,2026-01-13 00:00:00,21.60469,87.07254,37.6
SHP01645,2026-01-13 06:00:00,23.80823,73.43443,42.9
SHP01645,2026-01-13 12:00:00,23.68119,84.41278,88.3
SHP01649,2026-01-22 00:00:00,12.02371,70.7732,20.7
SHP01649,2026-01-22 06:00:00,8.11489,69.46297,40.8
SHP01649,2026-01-22 12:00:00,24.96166,82.48094,52.6
SHP01653,2026-04-13 00:00:00,11.81665,81.57267,72.3
SHP01653,2026-04-13 06:00:00,9.75081,85.43301,71.9
SHP01653,2026-04-13 12:00:00,25.19471,86.76396,81.0
SHP01657,2026-05-25 00:00:00,9.83864,74.61142,21.2
SHP01657,2026-05-25 06:00:00,21.43124,80.64806,42.5
SHP01657,2026-05-25 12:00:00,31.42947,86.55956,52.9
SHP01661,2026-01-09 00:00:00,23.37735,79.88322,65.1
SHP01661,2026-01-09 06:00:00,29.6534,76.44238,31.2
SHP01661,2026-01-09 12:00:00,28.43351,88.67608,29.5
SHP01665,2026-01-03 00:00:00,16.56717,89.33166,65.4
SHP01665,2026-01-03 06:00:00,9.44589,72.01833,43.6
SHP01665,2026-01-03 12:00:00,14.03532,80.54501,53.9
SHP01669,2026-04-20 00:00:00,19.13079,88.73301,27.2
SHP01669,2026-04-20 06:00:00,32.52521,80.29138,63.4
SHP01669,2026-04-20 12:00:00,11.25266,88.62924,85.8
SHP01673,2026-05-20 00:00:00,31.95164,89.53793,22.4
SHP01673,2026-05-20 06:00:00,33.68117,76.14047,57.4
SHP01673,2026-05-20 12:00:00,30.86302,69.87385,66.1
SHP01677,2026-03-04 00:00:00,24.32664,68.06112,63.1
SHP01677,2026-03-04 06:00:00,18.63504,88.60184,50.1
SHP01677,2026-03-04 12:00:00,16.66334,78.56642,73.0
SHP01681,2026-03-16 00:00:00,30.08893,68.14801,37.4
SHP01681,2026-03-16 06:00:00,32.42379,78.79656,28.4
SHP01681,2026-03-16 12:00:00,12.24754,72.96184,25.1
SHP01685,2026-02-19 00:00:00,20.53621,81.6108,79.5
SHP01685,2026-02-19 06:00:00,10.52026,69.14026,54.3
SHP01685,2026-02-19 12:00:00,13.10768,71.73028,54.7
SHP01689,2026-03-31 00:00:00,9.61486,77.21896,73.0
SHP01689,2026-03-31 06:00:00,27.80667,71.94545,23.1
SHP01689,2026-03-31 12:00:00,26.07025,86.33317,72.1
SHP01693,2026-05-30 00:00:00,23.53813,69.56162,33.9
SHP01693,2026-05-30 06:00:00,20.59126,72.61928,22.8
SHP01693,2026-05-30 12:00:00,15.75502,72.04467,40.6
SHP01697,2026-03-21 00:00:00,15.1516,77.86819,58.5
SHP01697,2026-03-21 06:00:00,8.00222,73.96054,50.2
SHP01697,2026-03-21 12:00:00,19.54222,89.09292,49.1
SHP01701,2026-02-02 00:00:00,28.13614,74.93469,24.6
SHP01701,2026-02-02 06:00:00,33.1857,68.11304,78.6
SHP01701,2026-02-02 12:00:00,18.75201,69.67676,73.0
SHP01705,2026-01-19 00:00:00,28.44712,81.85725,88.4
SHP01705,2026-01-19 06:00:00,25.88959,86.77331,88.2
SHP01705,2026-01-19 12:00:00,10.33554,83.29168,87.3
SHP01709,2026-02-12 00:00:00,30.46083,81.04797,25.5
SHP01709,2026-02-12 06:00:00,17.14356,72.23688,37.9
SHP01709,2026-02-12 12:00:00,23.73048,69.61424,75.6
SHP01713,2026-05-11 00:00:00,8.03785,75.61897,71.9
SHP01713,2026-05-11 06:00:00,26.95191,85.77073,42.5
SHP01713,2026-05-11 12:00:00,29.71436,73.73258,70.3
SHP01717,2026-04-11 00:00:00,25.396,73.47528,66.6
SHP01717,2026-04-11 06:00:00,31.96746,69.0316,54.4
SHP01717,2026-04-11 12:00:00,20.29267,69.11273,20.8
SHP01721,2026-03-04 00:00:00,31.19878,85.62551,70.2
SHP01721,2026-03-04 06:00:00,16.29226,74.85868,57.8
SHP01721,2026-03-04 12:00:00,33.60251,89.87814,37.4
SHP01725,2026-05-20 00:00:00,11.88989,69.79157,57.8
SHP01725,2026-05-20 06:00:00,25.70529,80.94846,47.6
SHP01725,2026-05-20 12:00:00,12.16828,88.67498,71.2
SHP01729,2026-03-03 00:00:00,21.35728,88.13745,58.1
SHP01729,2026-03-03 06:00:00,18.38285,88.86743,64.0
SHP01729,2026-03-03 12:00:00,26.0277,68.46292,51.1
SHP01733,2026-05-19 00:00:00,8.32364,76.61833,31.0
SHP01733,2026-05-19 06:00:00,26.14318,69.99195,83.1
SHP01733,2026-05-19 12:00:00,15.3446,77.62125,62.0
SHP01737,2026-02-22 00:00:00,26.78175,75.53601,49.2
SHP01737,2026-02-22 06:00:00,13.20228,88.51589,62.3
SHP01737,2026-02-22 12:00:00,20.17899,73.80024,21.4
SHP01741,2026-05-10 00:00:00,31.40007,84.76592,78.8
SHP01741,2026-05-10 06:00:00,20.67193,79.12296,87.5
SHP01741,2026-05-10 12:00:00,22.51812,89.8328,23.0
SHP01745,2026-02-13 00:00:00,9.06668,82.94898,28.2
SHP01745,2026-02-13 06:00:00,26.18158,70.03844,78.7
SHP01745,2026-02-13 12:00:00,29.38044,81.84243,88.5
SHP01749,2026-02-26 00:00:00,10.05038,72.39323,79.9
SHP01749,2026-02-26 06:00:00,11.77675,76.57555,27.0
SHP01749,2026-02-26 12:00:00,16.71743,74.0649,43.7
SHP01753,2026-01-13 00:00:00,16.91567,85.60753,36.9
SHP01753,2026-01-13 06:00:00,25.11163,70.45164,65.9
SHP01753,2026-01-13 12:00:00,8.84106,89.87229,75.9
SHP01757,2026-02-10 00:00:00,11.81524,74.89787,62.0
SHP01757,2026-02-10 06:00:00,20.22998,68.15423,53.4
SHP01757,2026-02-10 12:00:00,15.08856,83.6457,40.7
SHP01761,2026-01-15 00:00:00,30.45212,82.93571,67.5
SHP01761,2026-01-15 06:00:00,11.57725,82.09259,33.8
SHP01761,2026-01-15 12:00:00,19.53862,69.39752,47.3
SHP01765,2026-01-19 00:00:00,29.39473,80.59049,71.0
SHP01765,2026-01-19 06:00:00,22.99106,77.26694,75.5
SHP01765,2026-01-19 12:00:00,28.90157,89.95165,29.3
SHP01769,2026-04-15 00:00:00,12.67485,75.18777,73.1
SHP01769,2026-04-15 06:00:00,17.7741,68.06107,36.2
SHP01769,2026-04-15 12:00:00,8.35385,84.47889,25.2
SHP01773,2026-05-17 00:00:00,15.83138,70.85428,54.0
SHP01773,2026-05-17 06:00:00,22.44362,77.86534,35.1
SHP01773,2026-05-17 12:00:00,18.0948,76.82826,43.1
SHP01777,2026-01-14 00:00:00,18.22764,68.91366,47.7
SHP01777,2026-01-14 06:00:00,19.28329,68.184,23.1
SHP01777,2026-01-14 12:00:00,27.00428,87.51619,26.1
SHP01781,2026-04-20 00:00:00,14.91553,68.17631,58.2
SHP01781,2026-04-20 06:00:00,11.13776,86.91078,61.1
SHP01781,2026-04-20 12:00:00,23.40149,89.74561,24.1
SHP01785,2026-03-02 00:00:00,24.61646,71.14957,29.5
SHP01785,2026-03-02 06:00:00,23.81606,75.45726,68.2
SHP01785,2026-03-02 12:00:00,27.95221,78.1215,46.0
SHP01789,2026-04-30 00:00:00,26.09896,76.0667,80.0
SHP01789,2026-04-30 06:00:00,22.93643,86.13636,87.8
SHP01789,2026-04-30 12:00:00,9.08316,81.71218,57.3
SHP01793,2026-01-12 00:00:00,11.45925,89.27418,44.4
SHP01793,2026-01-12 06:00:00,29.18292,78.84593,40.7
SHP01793,2026-01-12 12:00:00,16.3637,85.84905,88.7
SHP01797,2026-02-05 00:00:00,9.13996,74.28826,59.0
SHP01797,2026-02-05 06:00:00,23.72935,83.25669,84.8
SHP01797,2026-02-05 12:00:00,13.85336,69.99238,59.0
SHP01801,2026-05-24 00:00:00,11.14017,80.05653,47.3
SHP01801,2026-05-24 06:00:00,24.36051,79.64664,39.8
SHP01801,2026-05-24 12:00:00,29.81316,74.22578,43.1
SHP01805,2026-04-14 00:00:00,12.07941,71.69323,75.6
SHP01805,2026-04-14 06:00:00,17.64586,70.71366,63.2
SHP01805,2026-04-14 12:00:00,9.36066,83.38705,46.6
SHP01809,2026-03-02 00:00:00,33.20719,76.98455,76.8
SHP01809,2026-03-02 06:00:00,29.84927,74.81113,49.6
SHP01809,2026-03-02 12:00:00,19.63877,74.51932,80.5
SHP01813,2026-02-09 00:00:00,27.70201,87.83955,48.4
SHP01813,2026-02-09 06:00:00,11.40813,75.77303,89.6
SHP01813,2026-02-09 12:00:00,17.51528,76.03365,25.0
SHP01817,2026-02-20 00:00:00,25.70328,69.49273,36.1
SHP01817,2026-02-20 06:00:00,26.87173,88.92481,49.6
SHP01817,2026-02-20 12:00:00,29.03305,74.95273,23.8
SHP01821,2026-05-15 00:00:00,19.44098,69.36044,29.0
SHP01821,2026-05-15 06:00:00,14.64716,69.65117,37.2
SHP01821,2026-05-15 12:00:00,16.48633,77.73143,38.6
SHP01825,2026-04-07 00:00:00,33.18436,84.1023,45.6
SHP01825,2026-04-07 06:00:00,10.52392,85.85631,68.6
SHP01825,2026-04-07 12:00:00,33.67536,78.28584,23.8
SHP01829,2026-04-28 00:00:00,11.20081,88.53867,25.6
SHP01829,2026-04-28 06:00:00,24.71763,79.54368,60.3
SHP01829,2026-04-28 12:00:00,18.34435,89.21732,85.6
SHP01833,2026-04-14 00:00:00,23.09915,77.45307,47.2
SHP01833,2026-04-14 06:00:00,11.19944,73.17113,81.7
SHP01833,2026-04-14 12:00:00,26.55056,78.88772,63.9
SHP01837,2026-05-24 00:00:00,19.96016,80.03265,20.5
SHP01837,2026-05-24 06:00:00,25.85328,69.08187,33.0
SHP01837,2026-05-24 12:00:00,14.31507,84.41402,53.5
SHP01841,2026-05-02 00:00:00,28.83351,69.95145,38.6
SHP01841,2026-05-02 06:00:00,30.24401,85.72564,27.0
SHP01841,2026-05-02 12:00:00,12.82582,68.56174,45.2
SHP01845,2026-05-06 00:00:00,14.28928,72.17238,77.2
SHP01845,2026-05-06 06:00:00,25.94528,81.2815,53.5
SHP01845,2026-05-06 12:00:00,28.43948,70.93175,59.6
SHP01849,2026-04-14 00:00:00,15.51649,68.8782,80.8
SHP01849,2026-04-14 06:00:00,31.96054,75.08752,73.4
SHP01849,2026-04-14 12:00:00,29.20241,88.56497,82.7
SHP01853,2026-04-28 00:00:00,17.77761,86.90826,65.7
SHP01853,2026-04-28 06:00:00,14.71547,77.66451,84.3
SHP01853,2026-04-28 12:00:00,24.17069,83.60039,35.7
SHP01857,2026-05-17 00:00:00,30.55412,82.33752,23.3
SHP01857,2026-05-17 06:00:00,14.19576,72.01194,60.3
SHP01857,2026-05-17 12:00:00,14.53542,89.81466,24.6
SHP01861,2026-02-18 00:00:00,13.92678,85.56428,56.1
SHP01861,2026-02-18 06:00:00,15.62671,72.67319,40.8
SHP01861,2026-02-18 12:00:00,25.15592,81.3023,56.8
SHP01865,2026-01-03 00:00:00,28.79208,78.63197,77.4
SHP01865,2026-01-03 06:00:00,30.41246,75.22163,38.8
SHP01865,2026-01-03 12:00:00,16.89451,87.72738,24.0
SHP01869,2026-04-24 00:00:00,16.41379,80.50467,62.7
SHP01869,2026-04-24 06:00:00,9.80544,80.12451,35.5
SHP01869,2026-04-24 12:00:00,8.76582,83.76566,47.5
SHP01873,2026-03-14 00:00:00,33.60171,72.69577,30.8
SHP01873,2026-03-14 06:00:00,28.10988,77.51491,63.8
SHP01873,2026-03-14 12:00:00,28.25615,88.09944,54.5
SHP01877,2026-04-30 00:00:00,20.13842,72.48254,25.3
SHP01877,2026-04-30 06:00:00,31.05427,79.1371,87.2
SHP01877,2026-04-30 12:00:00,32.82848,76.8398,40.9
SHP01881,2026-05-03 00:00:00,8.73521,85.65841,20.2
SHP01881,2026-05-03 06:00:00,22.5213,69.15192,46.5
SHP01881,2026-05-03 12:00:00,8.89838,81.51598,31.9
SHP01885,2026-05-09 00:00:00,28.69987,70.97599,40.1
SHP01885,2026-05-09 06:00:00,26.92608,68.82706,53.1
SHP01885,2026-05-09 12:00:00,26.40955,84.01434,29.3
SHP01889,2026-05-07 00:00:00,15.02646,82.85875,80.8
SHP01889,2026-05-07 06:00:00,20.30431,84.68944,55.4
SHP01889,2026-05-07 12:00:00,19.12872,77.24546,46.0
SHP01893,2026-01-01 00:00:00,29.88829,77.4534,31.2
SHP01893,2026-01-01 06:00:00,29.91201,73.39243,48.3
SHP01893,2026-01-01 12:00:00,28.92611,82.57191,45.0
SHP01897,2026-04-14 00:00:00,30.95899,85.5002,86.2
SHP01897,2026-04-14 06:00:00,26.95214,74.21994,51.3
SHP01897,2026-04-14 12:00:00,16.19159,78.68543,61.0
SHP01901,2026-01-27 00:00:00,21.59068,72.78697,61.1
SHP01901,2026-01-27 06:00:00,28.02194,82.9466,72.4
SHP01901,2026-01-27 12:00:00,29.80471,83.57748,78.9
SHP01905,2026-01-20 00:00:00,14.69987,88.10569,55.4
SHP01905,2026-01-20 06:00:00,8.89392,84.28204,82.2
SHP01905,2026-01-20 12:00:00,29.16056,68.31253,39.7
SHP01909,2026-02-23 00:00:00,11.71598,77.17281,81.1
SHP01909,2026-02-23 06:00:00,15.71157,70.8063,72.2
SHP01909,2026-02-23 12:00:00,33.35935,73.65972,46.7
SHP01913,2026-02-03 00:00:00,10.62195,83.80922,61.0
SHP01913,2026-02-03 06:00:00,32.29857,79.74068,65.6
SHP01913,2026-02-03 12:00:00,25.17386,88.02505,43.1
SHP01917,2026-03-15 00:00:00,22.62201,75.46755,37.6
SHP01917,2026-03-15 06:00:00,8.10618,69.61115,68.0
SHP01917,2026-03-15 12:00:00,19.36037,83.37826,84.3
SHP01921,2026-02-11 00:00:00,11.57424,72.24839,61.4
SHP01921,2026-02-11 06:00:00,21.80742,88.13924,85.7
SHP01921,2026-02-11 12:00:00,15.80445,86.18764,85.0
SHP01925,2026-02-11 00:00:00,16.86621,83.73291,72.3
SHP01925,2026-02-11 06:00:00,26.09817,69.41271,55.9
SHP01925,2026-02-11 12:00:00,21.03086,71.10956,87.6
SHP01929,2026-02-22 00:00:00,19.70653,82.14512,65.4
SHP01929,2026-02-22 06:00:00,9.50302,82.45982,88.1
SHP01929,2026-02-22 12:00:00,15.5432,76.53452,23.5
SHP01933,2026-01-20 00:00:00,33.67369,72.39843,70.6
SHP01933,2026-01-20 06:00:00,22.9639,76.14171,41.4
SHP01933,2026-01-20 12:00:00,27.43743,80.649,57.6
SHP01937,2026-03-11 00:00:00,18.17679,84.56684,42.7
SHP01937,2026-03-11 06:00:00,19.13791,77.7641,38.9
SHP01937,2026-03-11 12:00:00,28.15115,76.51005,81.9
SHP01941,2026-05-19 00:00:00,14.27749,68.08156,63.5
SHP01941,2026-05-19 06:00:00,31.87655,71.39164,47.6
SHP01941,2026-05-19 12:00:00,11.10259,86.46704,24.2
SHP01945,2026-02-06 00:00:00,18.8467,76.4522,29.3
SHP01945,2026-02-06 06:00:00,10.57287,75.09833,83.1
SHP01945,2026-02-06 12:00:00,27.04383,83.05644,48.4
SHP01949,2026-03-13 00:00:00,16.59414,82.64121,56.6
SHP01949,2026-03-13 06:00:00,18.36353,75.21112,73.1
SHP01949,2026-03-13 12:00:00,31.10015,75.74543,89.4
SHP01953,2026-02-14 00:00:00,14.62391,77.48097,20.4
SHP01953,2026-02-14 06:00:00,9.35988,79.52305,43.6
SHP01953,2026-02-14 12:00:00,28.45931,77.12835,57.2
SHP01957,2026-02-03 00:00:00,15.57042,69.26478,25.0
SHP01957,2026-02-03 06:00:00,17.94798,73.61779,27.5
SHP01957,2026-02-03 12:00:00,12.55325,73.64713,41.2
SHP01961,2026-01-18 00:00:00,28.01585,80.95203,53.1
SHP01961,2026-01-18 06:00:00,15.69876,71.16185,79.4
SHP01961,2026-01-18 12:00:00,13.24463,79.64424,83.9
SHP01965,2026-04-20 00:00:00,8.4417,85.06169,78.6
SHP01965,2026-04-20 06:00:00,29.33514,87.07979,71.1
SHP01965,2026-04-20 12:00:00,19.76852,89.08329,48.6
SHP01969,2026-01-12 00:00:00,30.92932,74.56258,85.6
SHP01969,2026-01-12 06:00:00,12.00096,72.66754,65.0
SHP01969,2026-01-12 12:00:00,9.57984,68.99489,68.6
SHP01973,2026-01-13 00:00:00,22.05449,84.18946,35.6
SHP01973,2026-01-13 06:00:00,33.5611,85.0909,39.5
SHP01973,2026-01-13 12:00:00,9.79824,73.92053,60.5
SHP01977,2026-05-30 00:00:00,28.02411,82.03534,77.7
SHP01977,2026-05-30 06:00:00,20.36639,78.6654,79.1
SHP01977,2026-05-30 12:00:00,29.353,80.66884,54.1
SHP01981,2026-03-11 00:00:00,16.75252,71.36284,38.8
SHP01981,2026-03-11 06:00:00,13.45337,76.56329,38.9
SHP01981,2026-03-11 12:00:00,8.34275,74.99101,23.0
SHP01985,2026-02-22 00:00:00,17.20237,84.94163,72.6
SHP01985,2026-02-22 06:00:00,20.79572,89.73286,88.2
SHP01985,2026-02-22 12:00:00,8.36818,75.0811,64.8
SHP01989,2026-02-27 00:00:00,22.89897,82.89027,82.2
SHP01989,2026-02-27 06:00:00,23.19643,81.81462,58.4
SHP01989,2026-02-27 12:00:00,11.64925,89.617,20.1
SHP01993,2026-03-06 00:00:00,15.02689,82.31482,76.6
SHP01993,2026-03-06 06:00:00,9.15167,73.1319,26.3
SHP01993,2026-03-06 12:00:00,31.69504,81.21022,73.4
SHP01997,2026-03-27 00:00:00,21.5352,81.43153,81.0
SHP01997,2026-03-27 06:00:00,20.18474,86.57645,30.7
SHP01997,2026-03-27 12:00:00,13.9113,80.39747,50.8
